id	x	y	group	color	size
_h5_4339	39426.45	31588.48	-1	ddd	10
_h5_4338	20163.98	21872.85	108	E5AA70	50
_h5_4310	20165.22	21869.77	108	E5AA70	50
_h6_202	19066.31	17108.52	2	FF7F50	50
_h5_4448	26273.65	25534.83	-1	ddd	10
_h5_3792	26551.74	25988.88	-1	ddd	10
_h5_4347	26630.35	26655.79	215	1E90FF	50
_h5_4324	26254.62	25458.0	-1	ddd	10
_h5_4333	25775.05	22149.85	-1	ddd	10
_h5_4365	25772.62	22194.16	-1	ddd	10
_h5_4332	26078.59	23060.4	-1	ddd	10
_h5_4209	25916.72	22754.02	-1	ddd	10
_h5_4280	26064.09	23019.78	-1	ddd	10
_h5_4302	25970.16	25230.84	152	AA381E	50
_h5_4331	14624.41	25292.87	28742	FF91AF	50
_h5_3941	22568.98	27694.98	53	E75480	50
_h5_4116	22538.21	28003.45	53	E75480	50
_h5_4631	21684.93	23781.05	30635	FFE135	50
_h5_3684	19105.63	22107.89	205	555D50	50
_h5_4330	32034.85	21966.08	37854	FE6F5E	50
_h5_4669	37973.01	17107.07	-1	ddd	10
_h5_4337	13628.59	25356.31	28742	FF91AF	50
_h5_3594	13998.76	25394.51	28742	FF91AF	50
_h6_979	15554.75	14342.57	2	FF7F50	50
_h6_783	42182.54	31414.31	84489	664423	50
_h5_4362	20277.75	22503.84	-1	ddd	10
_h5_4378	13417.81	25304.32	28742	FF91AF	50
_h5_4336	26739.22	26039.57	-1	ddd	10
_h5_3703	19037.53	21799.32	205	555D50	50
_h5_3818	21807.85	14265.17	-1	ddd	10
_h5_3819	21684.05	13777.25	-1	ddd	10
_h5_4049	28835.67	22730.86	-1	ddd	10
_h5_4360	26270.37	25593.13	-1	ddd	10
_h5_4487	26125.75	25638.09	-1	ddd	10
_h5_3849	19666.34	17766.78	171	0072BB	50
_h5_3860	19529.54	17513.59	2	FF7F50	50
_h5_4335	31092.14	25909.63	61	B48395	50
_h5_4128	25406.93	25015.57	152	AA381E	50
_h5_4334	24140.73	23868.39	-1	ddd	10
_h5_4308	23779.69	24265.28	15	F7E98E	50
_h5_4724	19146.11	22314.28	205	555D50	50
_h5_3731	14539.89	12754.33	-1	ddd	10
_h6_1127	23338.01	21649.68	-1	ddd	10
_h5_4730	22835.67	18686.83	1228	7CB9E8	50
_h5_4725	25497.58	20858.34	-1	ddd	10
_h5_4743	25448.83	20789.11	-1	ddd	10
_h5_4689	32459.86	21885.22	346	FFBF00	50
_h5_4134	32345.15	21967.05	346	FFBF00	50
_h5_4688	26457.71	27215.37	215	1E90FF	50
_h5_4720	18880.35	10127.62	-1	ddd	10
_h5_4700	18361.65	10036.16	-1	ddd	10
_h5_4721	23638.66	18489.9	1228	7CB9E8	50
_h5_4749	24334.74	18314.6	301	CCFF00	50
_h5_4722	21704.35	19772.74	-1	ddd	10
_h5_4638	22366.79	23294.06	60	6F00FF	50
_h5_4723	33527.54	26668.87	84	014421	50
_h5_4153	40967.66	33430.28	-1	ddd	10
_h5_4620	33931.08	26706.78	84	014421	50
_h5_4642	33955.16	26711.5	84	014421	50
_h5_4741	33365.97	26646.08	84	014421	50
_h5_4745	33629.49	26681.76	84	014421	50
_h5_4779	33752.12	26695.44	84	014421	50
_h5_4683	23136.06	21806.65	-1	ddd	10
_h5_4644	25792.72	21532.24	-1	ddd	10
_h5_4682	35698.95	23527.75	-1	ddd	10
_h5_4681	25656.55	25681.31	-1	ddd	10
_h5_4680	33084.78	26595.23	84	014421	50
_h5_4735	33127.16	26603.91	84	014421	50
_h5_4687	34573.38	20375.78	-1	ddd	10
_h5_4686	22140.18	19922.76	-1	ddd	10
_h5_4685	17917.97	21257.44	-1	ddd	10
_h5_4671	18000.76	21280.94	-1	ddd	10
_h5_4684	42446.25	23693.73	-1	ddd	10
_h6_10	17970.02	16722.11	2	FF7F50	50
_h5_4236	19183.09	17166.98	2	FF7F50	50
_h5_4690	12966.26	18291.68	-1	ddd	10
_h5_4718	30078.03	11913.96	-1	ddd	10
_h6_747	18838.61	27939.89	175	FFF8DC	50
_h5_4467	19574.34	19985.4	171	0072BB	50
_h6_885	47557.23	12160.63	-1	ddd	10
_h5_4805	20276.33	19220.87	166	AB4E52	50
_h5_4738	11815.89	11544.09	-1	ddd	10
_h6_778	27120.86	12764.17	56375	1C1CF0	50
_h5_4861	41488.44	24488.46	-1	ddd	10
_h6_156	20590.26	24083.02	-1	ddd	10
_h5_4668	18187.8	17039.76	2	FF7F50	50
_h5_4845	15581.54	24814.38	28742	FF91AF	50
_h6_615	16534.48	15090.88	2	FF7F50	50
_h5_4445	28997.8	26396.97	61	B48395	50
_h5_4226	29173.5	26362.25	61	B48395	50
_h5_4558	29382.23	26303.51	61	B48395	50
_h6_6	22529.04	18087.38	1228	7CB9E8	50
_h5_4444	24452.65	15204.52	-1	ddd	10
_h5_3725	17085.12	15862.49	2	FF7F50	50
_h5_4450	26203.97	23343.67	-1	ddd	10
_h5_4480	18490.85	22530.21	-1	ddd	10
_h6_693	10151.67	24864.72	122	ACE1AF	50
_h5_3652	25386.38	28264.82	-1	ddd	10
_h5_3877	22849.7	29659.93	-1	ddd	10
_h6_138	8903.32	26760.42	-1	ddd	10
_h5_4447	31353.74	22187.5	-1	ddd	10
_h5_4130	19177.41	22788.8	187	F64A8A	50
_h5_4657	19152.61	23389.49	187	F64A8A	50
_h5_4446	29569.82	20142.11	86402	F0DC82	50
_h6_7	14232.87	12819.79	-1	ddd	10
_h5_4869	9986.28	13308.79	-1	ddd	10
_h5_4441	21346.53	26989.24	85560	1B4D3E	50
_h5_4456	20394.26	23127.93	276	856088	50
_h5_4714	21665.23	27235.65	85560	1B4D3E	50
_h5_4854	28216.4	16235.08	404	AC1E44	50
_h5_4356	28321.43	16208.54	404	AC1E44	50
_h6_1129	26109.34	15562.76	69293	C32148	50
_h5_4440	22690.43	21217.13	-1	ddd	10
_h5_4434	21915.38	22081.99	47	C154C1	50
_h5_4729	23083.98	21996.93	-1	ddd	10
_h5_3661	22905.24	21926.98	-1	ddd	10
_h6_281	41231.05	30693.04	7962	FF033E	50
_h5_4438	26078.78	23345.4	-1	ddd	10
_h5_3828	35015.47	20093.51	-1	ddd	10
_h5_4401	33005.29	26555.46	84	014421	50
_h5_4468	26176.39	23382.24	-1	ddd	10
_h5_4581	26101.54	23377.81	-1	ddd	10
_h5_4439	19420.82	21657.61	205	555D50	50
_h5_4453	19451.25	21659.01	205	555D50	50
_h5_4533	27581.89	23195.01	-1	ddd	10
_h5_4532	21273.28	17163.57	-1	ddd	10
_h5_4535	40603.67	26034.59	-1	ddd	10
_h5_4443	25507.65	25118.24	152	AA381E	50
_h5_3739	19710.97	19034.39	171	0072BB	50
_h5_3832	19073.29	21412.34	205	555D50	50
_h5_3879	19073.0	21369.39	205	555D50	50
_h5_4537	32519.08	21846.73	346	FFBF00	50
_h5_4279	32486.57	21866.06	346	FFBF00	50
_h5_4035	20820.43	36819.27	-1	ddd	10
_h5_4430	32477.49	25987.41	61	B48395	50
_h6_761	41622.05	30994.59	7962	FF033E	50
_h5_4102	22609.16	18898.49	1228	7CB9E8	50
_h5_4431	22625.51	24573.92	393	007BA7	50
_h5_3930	32138.25	26307.73	61	B48395	50
_h5_4369	25391.14	24999.68	152	AA381E	50
_h5_4400	25394.65	25137.19	152	AA381E	50
_h5_4432	22366.24	16695.23	-1	ddd	10
_h5_4351	21912.08	22081.94	47	C154C1	50
_h5_4433	13194.82	25988.09	-1	ddd	10
_h5_4436	21513.19	21302.44	-1	ddd	10
_h5_4048	21695.06	19524.47	-1	ddd	10
_h5_4059	19208.99	22961.2	187	F64A8A	50
_h5_4656	20721.32	19856.79	-1	ddd	10
_h5_3974	14466.24	11008.2	27340	89CFF0	50
_h5_4013	23667.18	18698.8	1228	7CB9E8	50
_h5_4651	19213.4	23006.62	187	F64A8A	50
_h5_4666	23702.71	18706.29	1228	7CB9E8	50
_h5_4672	21495.52	21309.8	-1	ddd	10
_h5_4676	19231.33	23395.29	187	F64A8A	50
_h5_4678	19221.91	23094.18	187	F64A8A	50
_h5_4702	21726.79	21260.52	-1	ddd	10
_h5_4437	25835.51	25455.11	-1	ddd	10
_h5_3766	32926.02	21533.32	346	FFBF00	50
_h5_4298	25790.69	21978.79	-1	ddd	10
_h5_4871	26128.04	23871.23	-1	ddd	10
_h6_1086	43913.12	32037.72	84489	664423	50
_h6_908	15062.52	13748.48	2	FF7F50	50
_h6_769	38447.22	16236.19	48595	ACE5EE	50
_h6_157	14460.85	12278.1	-1	ddd	10
_h5_4732	26771.05	23150.62	-1	ddd	10
_h5_4037	21899.97	21405.93	-1	ddd	10
_h5_4531	19149.6	21657.23	205	555D50	50
_h5_4512	19122.75	21664.19	205	555D50	50
_h6_1034	31336.62	14544.21	-1	ddd	10
_h5_3932	24155.96	23891.74	-1	ddd	10
_h5_4206	24531.83	24787.28	-1	ddd	10
_h6_709	30776.75	32154.69	-1	ddd	10
_h5_3953	24270.32	23966.07	-1	ddd	10
_h5_4007	24501.86	24786.63	-1	ddd	10
_h5_4014	24538.72	24777.48	-1	ddd	10
_h6_325	22534.74	15574.12	-1	ddd	10
_h5_4726	26372.44	27397.53	215	1E90FF	50
_h5_3695	30973.73	34235.31	-1	ddd	10
_h5_4138	36958.2	27497.37	411	6495ED	50
_h5_4032	21803.51	22631.16	-1	ddd	10
_h5_4065	21824.42	22630.09	-1	ddd	10
_h5_4248	21774.8	22666.14	-1	ddd	10
_h5_3793	22890.09	22239.08	-1	ddd	10
_h5_4451	24340.87	22097.09	-1	ddd	10
_h5_4710	21909.52	14597.72	-1	ddd	10
_h6_644	15595.12	14039.54	2	FF7F50	50
_h5_3826	18429.87	23489.69	-1	ddd	10
_h5_3815	16910.21	15615.46	2	FF7F50	50
_h5_3675	16932.65	15641.44	2	FF7F50	50
_h5_4457	26552.1	23230.77	-1	ddd	10
_h6_203	40498.03	30031.43	7962	FF033E	50
_h5_3825	8479.54	10503.91	-1	ddd	10
_h5_4853	8359.77	13535.41	-1	ddd	10
_h5_3822	25507.9	20879.45	-1	ddd	10
_h5_3931	14017.54	12530.91	-1	ddd	10
_h5_4539	21986.04	21810.43	47	C154C1	50
_h5_4547	22362.3	15345.9	-1	ddd	10
_h5_4568	25464.13	20816.57	-1	ddd	10
_h5_4578	17151.91	24582.22	145	A40000	50
_h5_3820	24122.22	23861.54	-1	ddd	10
_h5_3557	23312.16	23545.98	60	6F00FF	50
_h5_3622	22759.12	23400.19	60	6F00FF	50
_h5_3623	22818.5	23416.19	60	6F00FF	50
_h5_3713	23798.03	24278.4	15	F7E98E	50
_h5_3747	24124.09	23858.8	-1	ddd	10
_h5_3772	23627.07	23640.7	-1	ddd	10
_h5_4062	23454.86	24031.79	15	F7E98E	50
_h5_4559	20212.57	23391.67	137	543D37	50
_h5_3821	23246.36	22120.51	-1	ddd	10
_h5_4561	25796.9	22110.88	-1	ddd	10
_h5_3881	14688.18	13269.47	2	FF7F50	50
_h5_4190	19088.61	22513.36	187	F64A8A	50
_h5_4389	25765.57	21408.56	-1	ddd	10
_h5_4519	17938.41	25959.32	-1	ddd	10
_h5_3799	25797.41	22071.01	-1	ddd	10
_h5_4354	25789.88	22306.56	-1	ddd	10
_h5_4552	25805.86	22019.06	-1	ddd	10
_h5_4833	19670.1	20147.87	171	0072BB	50
_h5_4635	9937.49	13300.11	-1	ddd	10
_h5_4830	19655.94	19941.37	171	0072BB	50
_h5_4852	20090.61	19331.38	171	0072BB	50
_h5_4864	19658.09	20055.98	171	0072BB	50
_h6_984	15230.53	13936.61	2	FF7F50	50
_h5_3733	22302.47	26732.75	-1	ddd	10
_h5_4131	20710.65	24092.62	-1	ddd	10
_h5_4366	24152.97	18947.77	1228	7CB9E8	50
_h5_3883	32817.45	21617.19	346	FFBF00	50
_h6_944	21841.5	13346.25	-1	ddd	10
_h5_4216	25468.68	25082.28	152	AA381E	50
_h6_1152	22088.25	12253.78	-1	ddd	10
_h5_3656	24737.15	24513.72	152	AA381E	50
_h6_532	19714.55	29118.47	-1	ddd	10
_h6_1159	33123.78	25218.88	-1	ddd	10
_h6_1144	22073.58	12519.7	-1	ddd	10
_h5_3878	24902.53	24708.4	152	AA381E	50
_h5_3951	25174.84	24775.94	152	AA381E	50
_h5_3555	37992.7	31820.07	-1	ddd	10
_h5_3552	13740.03	25437.37	28742	FF91AF	50
_h6_703	23311.37	22628.27	50084	0000FF	50
_h5_4274	25034.06	20179.52	-1	ddd	10
_h5_4246	20972.82	22064.85	-1	ddd	10
_h6_1122	11130.51	19447.75	-1	ddd	10
_h6_710	22727.19	19425.61	1228	7CB9E8	50
_h5_4084	20971.95	22068.13	-1	ddd	10
_h5_4118	24852.82	19820.13	1228	7CB9E8	50
_h5_4136	22790.08	16273.26	-1	ddd	10
_h6_1145	11054.0	19407.87	-1	ddd	10
_h5_4158	20992.42	22074.99	-1	ddd	10
_h5_4300	20279.11	22580.02	-1	ddd	10
_h5_4312	16476.91	15061.07	2	FF7F50	50
_h5_3553	43970.97	30876.73	7962	FF033E	50
_h5_4461	29851.07	26115.4	61	B48395	50
_h5_3593	40936.75	25153.89	-1	ddd	10
_h5_4161	29978.3	26050.7	61	B48395	50
_h5_4497	30108.77	25986.53	61	B48395	50
_h5_4189	25185.78	24787.42	152	AA381E	50
_h5_3601	23883.0	24338.94	15	F7E98E	50
_h5_3621	23910.43	24358.23	15	F7E98E	50
_h5_3648	24139.37	23871.42	-1	ddd	10
_h5_3686	21012.94	23026.4	-1	ddd	10
_h6_765	15969.02	14672.83	2	FF7F50	50
_h5_3947	24423.27	24719.14	-1	ddd	10
_h5_4613	23296.19	22173.63	-1	ddd	10
_h6_545	11035.23	24928.74	122	ACE1AF	50
_h5_3795	22807.95	26336.44	-1	ddd	10
_h5_4096	22347.7	26503.5	-1	ddd	10
_h5_4492	19191.64	21645.67	205	555D50	50
_h6_708	18920.82	27783.55	175	FFF8DC	50
_h5_4403	20211.43	19256.74	171	0072BB	50
_h5_4839	13098.02	11557.08	-1	ddd	10
_h5_4846	19763.79	20573.52	-1	ddd	10
_h6_552	41420.27	30842.58	7962	FF033E	50
_h5_4810	20498.82	19116.53	166	AB4E52	50
_h5_4773	22948.14	20802.72	-1	ddd	10
_h6_501	40978.42	13301.59	-1	ddd	10
_h5_4764	22989.5	20629.53	-1	ddd	10
_h5_4765	19165.71	12255.31	-1	ddd	10
_h5_4797	24437.56	19160.44	1228	7CB9E8	50
_h5_4804	20933.88	19004.69	166	AB4E52	50
_h5_4711	30553.83	16993.93	-1	ddd	10
_h5_4490	19294.76	21667.81	205	555D50	50
_h5_3918	20669.04	19058.6	166	AB4E52	50
_h5_4728	20829.77	12755.02	-1	ddd	10
_h6_907	41917.71	31241.38	84489	664423	50
_h5_4520	22933.43	21950.98	-1	ddd	10
_h6_922	21820.38	13847.66	-1	ddd	10
_h5_3890	17917.65	16713.65	2	FF7F50	50
_h5_4358	26292.21	24529.08	-1	ddd	10
_h5_4567	18770.65	24206.86	187	F64A8A	50
_h6_963	15443.08	14214.38	2	FF7F50	50
_h5_4491	26853.46	26117.62	-1	ddd	10
_h6_1135	44333.82	31157.92	7962	FF033E	50
_h5_4391	26843.06	26109.2	-1	ddd	10
_h5_4455	26976.41	26187.45	-1	ddd	10
_h5_3952	13873.38	25206.09	28742	FF91AF	50
_h5_3976	13300.01	25688.44	28742	FF91AF	50
_h6_863	21815.8	13550.56	-1	ddd	10
_h5_4353	24199.42	18956.63	1228	7CB9E8	50
_h5_3956	22401.14	23023.75	60	6F00FF	50
_h5_3915	22195.35	22753.23	60	6F00FF	50
_h5_3957	30722.41	33336.6	-1	ddd	10
_h5_3717	30728.45	33364.67	-1	ddd	10
_h5_4550	25756.75	25380.32	-1	ddd	10
_h5_3954	36794.02	27283.78	411	6495ED	50
_h6_945	22056.46	12607.2	-1	ddd	10
_h5_3943	33201.95	25286.78	-1	ddd	10
_h5_4064	25035.09	23053.6	196	7E5E60	50
_h5_4188	25036.58	23050.66	196	7E5E60	50
_h5_3962	37006.61	27526.88	411	6495ED	50
_h5_4101	25070.0	20279.03	-1	ddd	10
_h5_4227	25039.99	23056.11	196	7E5E60	50
_h5_4228	25020.11	20193.57	-1	ddd	10
_h6_695	16829.62	15468.7	2	FF7F50	50
_h5_3780	23708.03	24214.02	15	F7E98E	50
_h6_764	27248.5	12250.61	-1	ddd	10
_h5_3802	23694.32	24204.22	15	F7E98E	50
_h6_949	42722.15	31609.94	84489	664423	50
_h6_838	42105.39	31369.86	84489	664423	50
_h6_603	17009.73	28577.26	-1	ddd	10
_h5_3946	22941.83	23478.36	60	6F00FF	50
_h6_814	16785.89	15412.86	2	FF7F50	50
_h6_569	16916.38	15596.48	2	FF7F50	50
_h5_3965	25802.21	25427.42	-1	ddd	10
_h5_4011	25841.56	25467.7	-1	ddd	10
_h6_837	43200.4	30632.99	7962	FF033E	50
_h5_4344	25970.33	25359.34	-1	ddd	10
_h5_4357	26109.7	23667.29	-1	ddd	10
_h5_4367	25731.34	25353.04	152	AA381E	50
_h5_4384	25711.06	25331.27	152	AA381E	50
_h5_4756	27487.18	26287.43	-1	ddd	10
_h5_3959	25076.96	11528.56	-1	ddd	10
_h5_4717	35620.7	26715.11	411	6495ED	50
_h5_4697	35941.24	26777.68	411	6495ED	50
_h5_4152	34921.68	12317.88	-1	ddd	10
_h6_226	6412.98	33173.24	-1	ddd	10
_h5_4157	31949.88	21806.96	37854	FE6F5E	50
_h5_3582	31808.55	21777.02	37854	FE6F5E	50
_h5_3970	20730.0	19050.74	166	AB4E52	50
_h5_3994	20644.88	19076.95	166	AB4E52	50
_h5_4023	20532.85	19120.57	166	AB4E52	50
_h5_4281	20507.75	19127.08	166	AB4E52	50
_h5_3854	31939.25	21636.23	37854	FE6F5E	50
_h5_4156	25235.03	11018.18	-1	ddd	10
_h6_627	40557.2	30079.91	7962	FF033E	50
_h6_634	6980.79	34552.36	-1	ddd	10
_h5_4155	25490.94	25105.54	152	AA381E	50
_h5_4265	27125.4	28166.13	-1	ddd	10
_h5_4633	25480.38	25094.5	152	AA381E	50
_h5_4195	25770.5	22244.86	-1	ddd	10
_h5_4288	25757.38	23036.8	-1	ddd	10
_h5_4328	25776.81	22180.3	-1	ddd	10
_h5_4154	21545.66	18937.14	166	AB4E52	50
_h5_4100	21512.57	18931.8	166	AB4E52	50
_h5_4208	20650.6	23589.77	276	856088	50
_h5_4423	19895.55	21619.54	-1	ddd	10
_h5_3732	37214.72	15518.94	-1	ddd	10
_h5_4090	24131.87	22479.52	-1	ddd	10
_h5_3977	28703.1	30334.35	1866	B284BE	50
_h5_3814	32604.09	26730.68	61	B48395	50
_h6_677	14153.28	25365.84	28742	FF91AF	50
_h5_4005	24272.05	19036.85	1228	7CB9E8	50
_h5_4026	35669.13	26702.99	411	6495ED	50
_h5_4245	24323.0	24000.15	-1	ddd	10
_h5_4459	23894.86	18801.42	1228	7CB9E8	50
_h5_3737	22153.87	23168.39	60	6F00FF	50
_h5_3617	22094.33	23129.78	60	6F00FF	50
_h5_3898	22128.88	23153.85	60	6F00FF	50
_h5_4094	16205.65	13086.56	-1	ddd	10
_h5_4269	21866.43	21346.36	-1	ddd	10
_h5_4095	23861.6	18765.2	1228	7CB9E8	50
_h6_214	13283.56	25240.45	28742	FF91AF	50
_h5_4174	21136.69	22999.4	-1	ddd	10
_h6_466	38785.74	29196.11	411	6495ED	50
_h5_4340	14294.1	25144.09	28742	FF91AF	50
_h5_4498	26685.1	23233.06	-1	ddd	10
_h5_4712	19182.46	23599.12	187	F64A8A	50
_h5_3774	9298.93	21987.32	-1	ddd	10
_h5_4713	14161.73	23747.88	-1	ddd	10
_h5_4855	36065.03	26814.79	411	6495ED	50
_h5_4809	36370.95	26964.61	411	6495ED	50
_h5_4834	36013.57	26800.36	411	6495ED	50
_h5_4808	36482.06	22997.66	-1	ddd	10
_h5_4837	36899.73	23101.35	-1	ddd	10
_h5_4838	36679.36	23061.33	-1	ddd	10
_h5_3840	19866.57	37383.26	-1	ddd	10
_h5_4667	23026.67	31668.91	-1	ddd	10
_h5_4807	36314.74	16851.19	-1	ddd	10
_h6_14	32100.15	21079.97	484	FBCCE7	50
_h5_4801	22970.04	20560.46	-1	ddd	10
_h5_4836	24133.17	18910.22	1228	7CB9E8	50
_h5_4787	20258.5	10736.66	-1	ddd	10
_h5_4816	24364.25	19089.16	1228	7CB9E8	50
_h5_4800	21535.93	18934.23	166	AB4E52	50
_h5_4783	21487.23	18936.19	166	AB4E52	50
_h5_4175	21585.72	18932.23	166	AB4E52	50
_h5_4793	21820.78	18918.92	166	AB4E52	50
_h5_4803	16980.33	24552.07	145	A40000	50
_h6_930	6879.6	27416.26	71609	1974D2	50
_h5_4802	6008.19	16496.09	-1	ddd	10
_h5_3788	10360.88	18658.38	79	8C92AC	50
_h5_3787	38526.62	28306.57	-1	ddd	10
_h5_3880	40635.22	30139.01	7962	FF033E	50
_h5_4424	26163.06	24147.74	-1	ddd	10
_h6_599	23042.36	19917.17	-1	ddd	10
_h5_4072	21376.55	21333.19	-1	ddd	10
_h5_4326	24830.87	19780.66	1228	7CB9E8	50
_h6_800	13929.51	25359.25	28742	FF91AF	50
_h6_862	8926.9	24887.45	-1	ddd	10
_h5_3577	22090.72	10385.27	-1	ddd	10
_h5_4573	15804.43	11356.87	-1	ddd	10
_h5_4292	23291.6	10871.38	-1	ddd	10
_h5_4307	21519.95	10514.2	-1	ddd	10
_h5_4377	19175.07	21736.54	205	555D50	50
_h5_4619	26124.31	23864.62	-1	ddd	10
_h5_4605	19231.46	23247.33	187	F64A8A	50
_h5_4587	26218.44	24265.03	-1	ddd	10
_h5_4376	24871.96	16877.4	-1	ddd	10
_h5_4375	12975.67	27338.15	-1	ddd	10
_h5_4374	10558.34	18983.3	79	8C92AC	50
_h5_4822	7335.19	21049.59	-1	ddd	10
_h5_4868	10499.55	18912.02	79	8C92AC	50
_h5_4373	19140.44	20645.01	205	555D50	50
_h5_4099	19971.83	23208.64	137	543D37	50
_h5_4346	19919.21	23217.95	137	543D37	50
_h5_4592	19996.35	23204.31	137	543D37	50
_h5_4600	19935.65	23211.7	137	543D37	50
_h5_4759	19834.82	23229.85	137	543D37	50
_h5_4372	13472.92	25515.33	28742	FF91AF	50
_h6_884	12302.63	34263.81	-1	ddd	10
_h6_830	5010.42	29473.46	59450	CC0000	50
_h5_3655	16337.41	14944.92	2	FF7F50	50
_h6_1084	7275.31	24907.71	-1	ddd	10
_h5_4504	25934.56	22759.17	-1	ddd	10
_h5_4515	26072.19	22991.18	-1	ddd	10
_h5_4276	15332.39	13394.26	-1	ddd	10
_h6_1158	6971.71	24951.17	-1	ddd	10
_h6_835	21046.08	20579.77	-1	ddd	10
_h5_4088	22195.82	22766.17	60	6F00FF	50
_h5_4342	22229.32	22507.43	60	6F00FF	50
_h5_4275	14777.62	14908.62	-1	ddd	10
_h5_3863	18146.06	24545.24	145	A40000	50
_h5_4080	13606.25	11946.58	-1	ddd	10
_h5_4329	24635.85	19412.2	1228	7CB9E8	50
_h5_4588	19164.89	22692.62	187	F64A8A	50
_h6_200	38217.09	28815.01	411	6495ED	50
_h6_163	40547.91	30080.07	7962	FF033E	50
_h5_4629	20322.81	21246.65	-1	ddd	10
_h5_4273	23498.5	18673.93	1228	7CB9E8	50
_h5_3988	23585.33	18688.9	1228	7CB9E8	50
_h6_626	17645.32	16497.06	2	FF7F50	50
_h5_4149	23615.16	18699.75	1228	7CB9E8	50
_h5_4198	32625.32	26113.79	61	B48395	50
_h6_1013	35563.3	38484.36	-1	ddd	10
_h5_4270	25669.91	21153.52	-1	ddd	10
_h5_4526	19894.81	21664.64	-1	ddd	10
_h5_4271	18121.37	16798.14	2	FF7F50	50
_h5_4162	17971.75	16730.62	2	FF7F50	50
_h5_4221	18166.21	16817.47	2	FF7F50	50
_h6_50	40432.65	32755.95	-1	ddd	10
_h6_766	21633.18	35477.39	47590	A57164	50
_h6_333	19164.94	26700.21	175	FFF8DC	50
_h5_4323	21948.85	22006.87	47	C154C1	50
_h5_3607	20952.34	13435.0	-1	ddd	10
_h5_3741	25572.43	23070.11	-1	ddd	10
_h5_3768	18252.73	24489.63	145	A40000	50
_h5_3985	22037.5	13613.38	-1	ddd	10
_h6_336	18408.59	16905.28	2	FF7F50	50
_h5_4404	26293.48	24988.25	-1	ddd	10
_h5_4411	26643.78	23996.3	-1	ddd	10
_h5_4599	25425.94	20762.33	-1	ddd	10
_h5_4572	22603.8	21481.94	-1	ddd	10
_h5_4611	18821.41	22193.65	205	555D50	50
_h5_4707	37497.92	34527.0	-1	ddd	10
_h6_24	15166.35	25029.04	28742	FF91AF	50
_h6_25	39475.67	29413.6	-1	ddd	10
_h5_4860	40420.25	32778.64	-1	ddd	10
_h6_20	19785.63	18386.32	171	0072BB	50
_h5_3905	11875.36	10016.58	-1	ddd	10
_h5_4856	14570.65	11006.9	27340	89CFF0	50
_h6_21	27561.2	28963.28	1866	B284BE	50
_h6_22	37617.06	28250.79	411	6495ED	50
_h5_4866	37075.09	27636.94	411	6495ED	50
_h6_23	19233.87	25337.03	175	FFF8DC	50
_h5_4066	21716.24	29903.24	-1	ddd	10
_h5_4628	19352.9	25619.49	175	FFF8DC	50
_h5_4795	19155.94	23373.65	187	F64A8A	50
_h5_4835	16313.46	28610.05	-1	ddd	10
_h5_3691	13089.56	23013.09	-1	ddd	10
_h5_4506	18022.97	26319.17	-1	ddd	10
_h5_4794	16690.17	20778.02	-1	ddd	10
_h5_4780	16841.25	20820.92	-1	ddd	10
_h6_13	8201.04	17930.75	-1	ddd	10
_h5_4796	37444.67	28067.16	411	6495ED	50
_h5_4658	34917.28	26716.9	146	FFFDD0	50
_h5_4673	34854.53	26718.76	146	FFFDD0	50
_h5_4767	34857.88	26715.36	146	FFFDD0	50
_h5_4792	41912.62	27721.76	-1	ddd	10
_h5_4659	31377.99	26018.2	61	B48395	50
_h5_4518	31326.48	26004.03	61	B48395	50
_h5_4610	31179.8	25954.58	61	B48395	50
_h5_4649	31331.25	26002.09	61	B48395	50
_h5_4541	31683.7	26138.14	61	B48395	50
_h5_4654	18318.57	21392.82	-1	ddd	10
_h5_4421	18159.72	21328.39	-1	ddd	10
_h5_4608	17563.44	22495.94	59272	006A4E	50
_h5_4655	17601.89	24591.62	145	A40000	50
_h5_4650	15845.8	30180.02	-1	ddd	10
_h5_4598	32466.9	26434.37	61	B48395	50
_h5_3595	39752.21	33769.9	-1	ddd	10
_h5_4564	32688.27	26503.46	61	B48395	50
_h5_4647	32445.82	26431.1	61	B48395	50
_h5_4653	14038.54	25091.14	28742	FF91AF	50
_h5_4705	14062.2	25073.57	28742	FF91AF	50
_h6_11	9895.56	11505.76	-1	ddd	10
_h5_4579	28335.07	22082.45	-1	ddd	10
_h5_3589	32592.75	15176.62	322	4A5D23	50
_h5_4390	30520.08	20439.42	-1	ddd	10
_h5_4398	19282.12	23499.39	187	F64A8A	50
_h5_4575	41344.3	22355.53	54209	8A2BE2	50
_h5_4577	26240.21	25345.77	-1	ddd	10
_h5_3694	30809.9	33735.57	-1	ddd	10
_h5_4607	26282.94	25663.2	-1	ddd	10
_h5_4576	23503.64	25408.65	-1	ddd	10
_h5_3719	22725.46	29030.47	74020	FB607F	50
_h5_4571	29704.66	26181.83	61	B48395	50
_h5_4570	28301.3	22803.13	207	FF77FF	50
_h5_3851	31646.05	17068.2	-1	ddd	10
_h5_4474	20686.77	19067.16	166	AB4E52	50
_h5_4534	21041.22	18986.54	166	AB4E52	50
_h5_4475	18101.05	17863.56	-1	ddd	10
_h6_793	7571.73	27436.92	-1	ddd	10
_h5_4477	31228.73	27826.66	-1	ddd	10
_h5_4194	27430.4	26276.82	-1	ddd	10
_h6_988	39188.5	16246.2	73370	F4BBFF	50
_h5_3638	27935.85	26365.91	-1	ddd	10
_h5_4546	27718.34	26327.97	-1	ddd	10
_h5_4470	26260.45	25061.61	-1	ddd	10
_h5_4407	26371.27	25780.02	-1	ddd	10
_h5_4435	29315.22	27610.91	-1	ddd	10
_h5_4464	26267.0	25015.95	-1	ddd	10
_h6_887	8557.97	24842.43	-1	ddd	10
_h5_4409	25818.27	21781.73	-1	ddd	10
_h5_4482	15029.72	25121.01	28742	FF91AF	50
_h5_4472	26775.69	23106.68	-1	ddd	10
_h5_4473	38368.08	28949.33	411	6495ED	50
_h5_4772	18061.75	16770.04	2	FF7F50	50
_h5_4163	10140.47	13296.54	-1	ddd	10
_h5_4771	17530.62	24594.88	145	A40000	50
_h5_4774	17875.75	24572.15	145	A40000	50
_h6_839	16183.02	14820.04	2	FF7F50	50
_h5_4479	41349.39	22322.23	54209	8A2BE2	50
_h5_4827	24562.57	28680.3	-1	ddd	10
_h6_17	15248.85	20440.73	-1	ddd	10
_h5_3836	8147.03	17022.45	-1	ddd	10
_h5_4840	14419.08	22914.09	-1	ddd	10
_h5_4185	23435.48	18664.28	1228	7CB9E8	50
_h6_711	15894.7	14616.96	2	FF7F50	50
_h5_4117	15371.16	14161.06	2	FF7F50	50
_h6_74	14839.12	25198.6	28742	FF91AF	50
_h5_4252	24128.34	23864.94	-1	ddd	10
_h5_4489	21429.31	18938.52	166	AB4E52	50
_h5_4488	11117.73	19581.21	-1	ddd	10
_h5_4538	22310.9	23292.98	60	6F00FF	50
_h5_4481	17551.42	18798.27	-1	ddd	10
_h5_4586	20617.45	12263.57	-1	ddd	10
_h5_4483	25498.83	25113.79	152	AA381E	50
_h5_3866	23334.79	29528.54	-1	ddd	10
_h5_3936	30602.27	32607.07	-1	ddd	10
_h5_3967	30577.75	32500.94	-1	ddd	10
_h5_4485	14942.77	20388.08	-1	ddd	10
_h5_4484	40408.92	26534.36	-1	ddd	10
_h5_4181	17251.79	30914.51	-1	ddd	10
_h5_3833	13929.12	25173.22	28742	FF91AF	50
_h5_4183	40758.92	15609.36	-1	ddd	10
_h5_4634	19150.35	22357.93	205	555D50	50
_h5_4585	26075.58	23016.4	-1	ddd	10
_h5_4606	19155.08	22406.74	205	555D50	50
_h5_4646	19190.35	22769.47	187	F64A8A	50
_h5_4394	26512.43	27122.0	215	1E90FF	50
_h5_4259	26280.19	24560.94	-1	ddd	10
_h5_4284	26239.19	24397.33	-1	ddd	10
_h5_4419	26282.96	24557.77	-1	ddd	10
_h5_4508	14761.31	25227.06	28742	FF91AF	50
_h6_1044	23291.69	21089.6	-1	ddd	10
_h5_4509	22197.21	9934.83	-1	ddd	10
_h5_4500	22883.65	21570.71	-1	ddd	10
_h5_4501	20515.9	18374.7	-1	ddd	10
_h5_4502	28939.7	15966.24	-1	ddd	10
_h5_4503	27125.89	26208.89	-1	ddd	10
_h5_3816	40236.72	27095.68	-1	ddd	10
_h5_3845	27272.11	26245.16	-1	ddd	10
_h5_4528	27384.42	26273.83	-1	ddd	10
_h5_4505	28344.23	26425.64	-1	ddd	10
_h5_4050	28687.5	26430.27	61	B48395	50
_h5_4406	28301.34	26421.75	-1	ddd	10
_h5_4428	28070.46	26389.43	-1	ddd	10
_h5_4555	28167.06	26405.45	-1	ddd	10
_h5_4507	16470.65	12867.68	-1	ddd	10
_h5_4782	39925.82	22563.22	-1	ddd	10
_h5_3669	22737.96	17518.33	1228	7CB9E8	50
_h5_3960	19708.36	19674.12	171	0072BB	50
_h5_4085	19679.48	19705.36	171	0072BB	50
_h5_4293	30337.58	25879.8	61	B48395	50
_h6_900	21777.45	13793.5	-1	ddd	10
_h5_4781	37027.11	27574.43	411	6495ED	50
_h5_4761	36988.74	27533.74	411	6495ED	50
_h5_4591	42247.63	25839.67	-1	ddd	10
_h5_4786	8339.45	13028.78	-1	ddd	10
_h5_4056	13316.55	27556.68	80154	964B00	50
_h5_4414	20056.72	23189.82	137	543D37	50
_h5_4521	19997.55	23200.74	137	543D37	50
_h5_4548	19975.78	23204.6	137	543D37	50
_h5_4566	19596.99	19736.61	171	0072BB	50
_h5_4055	24380.41	24703.17	-1	ddd	10
_h5_4031	24483.12	24773.76	-1	ddd	10
_h5_4143	24326.75	24666.3	-1	ddd	10
_h5_4052	19028.13	26911.63	175	FFF8DC	50
_h5_4109	19020.91	26940.32	175	FFF8DC	50
_h5_4053	22872.54	21587.7	-1	ddd	10
_h6_1064	8556.23	10968.32	17609	4B5320	50
_h5_4135	24366.51	19120.95	1228	7CB9E8	50
_h6_9	31980.26	15163.02	322	4A5D23	50
_h5_4046	30726.0	12195.97	-1	ddd	10
_h5_4621	30564.02	25862.77	61	B48395	50
_h5_4167	32083.63	26305.36	61	B48395	50
_h5_4632	30823.09	25874.76	61	B48395	50
_h6_288	18253.45	16380.48	2	FF7F50	50
_h5_3762	23427.12	24007.57	15	F7E98E	50
_h6_1	22298.35	30756.65	-1	ddd	10
_h5_4529	24005.5	31139.81	30	9932CC	50
_h5_3587	21635.05	19946.69	-1	ddd	10
_h5_3797	26399.19	25388.1	-1	ddd	10
_h5_4355	26288.42	25519.55	-1	ddd	10
_h5_4639	29334.03	22757.31	-1	ddd	10
_h5_4604	31543.38	16213.56	-1	ddd	10
_h5_3580	32063.92	35014.98	-1	ddd	10
_h5_4234	27146.5	28369.48	-1	ddd	10
_h5_4820	26946.02	28079.42	-1	ddd	10
_h5_4850	27181.36	28419.39	-1	ddd	10
_h5_4383	21707.35	22865.19	-1	ddd	10
_h5_4041	21706.09	22858.81	-1	ddd	10
_h6_445	18227.69	16845.95	2	FF7F50	50
_h5_4261	21704.89	22852.68	-1	ddd	10
_h5_4238	21708.5	22871.08	-1	ddd	10
_h5_4789	19758.46	17950.36	171	0072BB	50
_h5_4708	32104.76	15113.91	322	4A5D23	50
_h5_4530	24360.99	24025.35	-1	ddd	10
_h5_4033	34890.7	26699.66	146	FFFDD0	50
_h6_78	19785.35	18435.87	171	0072BB	50
_h6_529	17005.11	15727.05	2	FF7F50	50
_h6_257	18937.21	17052.05	2	FF7F50	50
_h5_3864	22938.47	28052.21	53	E75480	50
_h5_4146	23020.17	28051.91	53	E75480	50
_h5_4164	22778.67	28073.41	53	E75480	50
_h5_3901	21840.69	16921.49	-1	ddd	10
_h5_4008	13292.77	11669.02	-1	ddd	10
_h5_4098	15103.45	12800.6	-1	ddd	10
_h5_4622	24688.08	19497.48	1228	7CB9E8	50
_h5_4623	21884.62	21366.86	-1	ddd	10
_h5_4625	24554.55	19295.93	1228	7CB9E8	50
_h5_4643	19156.9	23367.22	187	F64A8A	50
_h5_3868	28575.39	35220.16	-1	ddd	10
_h5_3904	22841.8	21959.14	-1	ddd	10
_h6_125	11550.69	17070.89	-1	ddd	10
_h6_566	12809.52	19753.98	-1	ddd	10
_h6_59	18593.03	24311.45	187	F64A8A	50
_h5_4603	10118.95	18474.77	-1	ddd	10
_h5_4166	35190.32	19848.28	-1	ddd	10
_h5_4364	35137.95	13083.95	-1	ddd	10
_h5_3649	22880.66	21335.53	-1	ddd	10
_h6_909	8508.77	24836.57	-1	ddd	10
_h6_923	14959.23	13637.57	2	FF7F50	50
_h6_929	14973.89	13654.51	2	FF7F50	50
_h6_941	33484.11	19150.6	484	FBCCE7	50
_h6_594	12415.72	19930.11	-1	ddd	10
_h5_4609	21905.41	21422.21	-1	ddd	10
_h5_4317	22497.38	16538.35	-1	ddd	10
_h5_4536	18841.28	24131.18	187	F64A8A	50
_h6_834	21805.45	14158.57	-1	ddd	10
_h6_1110	8225.9	14934.02	-1	ddd	10
_h6_43	24432.07	17468.52	-1	ddd	10
_h5_4124	21391.8	24524.32	-1	ddd	10
_h5_4290	22734.22	25490.96	-1	ddd	10
_h5_4614	21702.93	22842.69	-1	ddd	10
_h5_3645	22310.19	29070.0	83513	A52A2A	50
_h6_493	17808.65	16622.22	2	FF7F50	50
_h6_498	18263.32	19486.75	-1	ddd	10
_h6_188	10177.05	24867.69	122	ACE1AF	50
_h5_4719	11842.3	11171.99	-1	ddd	10
_h5_3760	22100.06	18901.05	1228	7CB9E8	50
_h5_3729	22530.33	19133.84	1228	7CB9E8	50
_h5_4040	23176.94	22089.65	-1	ddd	10
_h5_4111	25378.81	24991.94	152	AA381E	50
_h5_4121	23197.38	22106.93	-1	ddd	10
_h6_295	19333.94	20195.35	171	0072BB	50
_h5_3885	8315.57	15449.84	-1	ddd	10
_h6_1009	15174.87	13867.29	2	FF7F50	50
_h5_4160	25197.76	28405.25	-1	ddd	10
_h5_4043	24727.49	19605.45	1228	7CB9E8	50
_h5_4120	24518.91	19284.7	1228	7CB9E8	50
_h5_4137	24382.33	24037.11	-1	ddd	10
_h5_4178	24105.32	25915.87	-1	ddd	10
_h6_335	20791.49	12537.12	-1	ddd	10
_h5_3939	36286.28	26896.26	411	6495ED	50
_h5_4287	36521.28	16307.39	-1	ddd	10
_h6_291	39347.19	29374.12	-1	ddd	10
_h5_3850	22496.96	24426.15	393	007BA7	50
_h5_3855	25027.11	23038.42	196	7E5E60	50
_h5_4213	23107.66	23494.12	60	6F00FF	50
_h5_4231	22567.14	24524.62	393	007BA7	50
_h5_4296	23077.91	23496.98	60	6F00FF	50
_h5_4371	22473.8	22954.49	60	6F00FF	50
_h5_4813	21890.17	22860.81	-1	ddd	10
_h5_4285	24153.89	23894.36	-1	ddd	10
_h6_508	18511.7	16933.67	2	FF7F50	50
_h6_663	17137.21	15907.24	2	FF7F50	50
_h6_943	15066.09	13747.51	2	FF7F50	50
_h5_3913	22975.51	23487.44	60	6F00FF	50
_h6_1000	15481.05	14256.27	2	FF7F50	50
_h5_4283	18406.47	26638.1	-1	ddd	10
_h6_1018	9548.81	28127.09	-1	ddd	10
_h5_4115	32008.6	21952.42	37854	FE6F5E	50
_h5_4147	25420.28	25033.69	152	AA381E	50
_h5_4831	16579.47	24555.55	-1	ddd	10
_h5_4832	35083.95	26711.96	146	FFFDD0	50
_h5_4785	34905.72	26713.94	146	FFFDD0	50
_h5_4798	35034.03	26713.44	146	FFFDD0	50
_h5_4113	23256.54	18812.95	1228	7CB9E8	50
_h5_4112	25421.49	25030.22	152	AA381E	50
_h5_4132	25252.12	20546.48	-1	ddd	10
_h5_4258	25180.3	20446.24	-1	ddd	10
_h5_3961	25432.66	25046.15	152	AA381E	50
_h5_4543	25487.61	20876.96	-1	ddd	10
_h5_4086	23620.96	23638.49	-1	ddd	10
_h5_3934	23400.69	23980.19	15	F7E98E	50
_h5_4192	22410.3	23306.24	60	6F00FF	50
_h5_4215	23372.29	23944.06	15	F7E98E	50
_h5_4255	22343.22	23287.54	60	6F00FF	50
_h6_1167	43124.6	31674.15	84489	664423	50
_h5_4295	21692.92	19538.77	-1	ddd	10
_h5_4811	14482.06	31974.99	-1	ddd	10
_h5_4309	23062.98	16174.76	-1	ddd	10
_h5_4306	22531.99	24448.97	393	007BA7	50
_h5_4304	16942.21	15632.83	2	FF7F50	50
_h5_4299	16830.14	15480.83	2	FF7F50	50
_h5_4305	26631.78	25976.36	-1	ddd	10
_h5_4303	26286.53	24884.56	-1	ddd	10
_h5_4737	36361.85	26955.47	411	6495ED	50
_h5_4171	21188.36	11985.38	-1	ddd	10
_h5_4030	20954.45	12085.85	-1	ddd	10
_h5_4734	32976.33	12893.02	-1	ddd	10
_h5_4733	9981.9	24362.1	122	ACE1AF	50
_h5_4731	40778.59	30299.13	7962	FF033E	50
_h5_4170	27139.4	28207.32	-1	ddd	10
_h5_4191	25906.39	22730.82	-1	ddd	10
_h5_4739	22972.2	32879.33	-1	ddd	10
_h5_4768	22578.79	30000.35	-1	ddd	10
_h5_3667	15526.21	28539.89	-1	ddd	10
_h5_4679	26319.3	20932.9	-1	ddd	10
_h5_4769	30489.17	15638.5	-1	ddd	10
_h5_4239	22521.27	24434.27	393	007BA7	50
_h5_4177	22297.45	26676.38	-1	ddd	10
_h5_4233	29254.31	11700.2	117	00CED1	50
_h5_3870	29130.4	11673.81	117	00CED1	50
_h5_4230	6971.5	24757.69	-1	ddd	10
_h5_4176	32635.39	19511.89	484	FBCCE7	50
_h6_598	32646.28	19513.61	484	FBCCE7	50
_h5_4235	26389.33	25774.27	-1	ddd	10
_h5_3871	23209.27	31000.34	-1	ddd	10
_h5_3916	26754.68	26022.22	-1	ddd	10
_h5_4593	32503.6	15212.26	322	4A5D23	50
_h5_4544	20938.43	26811.0	-1	ddd	10
_h6_2	20375.91	23131.28	276	856088	50
_h5_4545	22908.73	21952.74	-1	ddd	10
_h6_928	22957.88	21958.74	-1	ddd	10
_h5_4540	16005.57	14701.26	2	FF7F50	50
_h5_4542	12228.66	11320.22	-1	ddd	10
_h5_4615	11903.45	11352.87	-1	ddd	10
_h6_1147	15093.53	13778.14	2	FF7F50	50
_h5_4562	22779.38	18705.14	1228	7CB9E8	50
_h5_4427	37308.77	27912.91	411	6495ED	50
_h5_4426	13930.01	12356.23	-1	ddd	10
_h5_4425	21590.06	11730.38	-1	ddd	10
_h5_4417	21584.97	11733.56	-1	ddd	10
_h6_645	9910.58	24793.4	122	ACE1AF	50
_h5_4082	23861.25	24323.63	15	F7E98E	50
_h5_4127	23272.2	22166.41	-1	ddd	10
_h5_4580	24148.81	24366.73	15	F7E98E	50
_h5_4123	19014.48	27562.13	175	FFF8DC	50
_h5_4760	22617.59	25941.94	-1	ddd	10
_h5_4825	37878.0	28517.73	411	6495ED	50
_h5_4841	38054.46	28681.3	411	6495ED	50
_h5_4452	22647.07	23038.54	60	6F00FF	50
_h5_4716	22212.83	15131.73	-1	ddd	10
_h5_4824	29703.51	17049.97	-1	ddd	10
_h6_293	25152.49	17026.29	33600	BCD4E6	50
_h6_273	18518.72	16932.09	2	FF7F50	50
_h5_4348	22210.41	22583.24	60	6F00FF	50
_h5_4799	17658.24	16532.31	2	FF7F50	50
_h5_4660	31890.89	15427.58	322	4A5D23	50
_h5_4862	14802.47	14856.57	-1	ddd	10
_h5_3933	29742.68	27534.2	-1	ddd	10
_h5_3935	16940.83	10331.27	-1	ddd	10
_h5_3705	16823.05	10418.93	-1	ddd	10
_h5_4196	23362.39	10840.02	-1	ddd	10
_h5_4207	23329.63	10873.74	-1	ddd	10
_h5_4454	25434.92	25043.74	152	AA381E	50
_h5_3571	37515.21	28118.89	411	6495ED	50
_h5_4045	25734.86	21372.22	-1	ddd	10
_h5_4200	25452.32	25060.95	152	AA381E	50
_h5_4511	25448.43	25061.74	152	AA381E	50
_h5_4751	20102.5	10344.47	-1	ddd	10
_h5_4129	26763.56	23225.25	-1	ddd	10
_h5_4750	29549.15	22708.88	-1	ddd	10
_h6_19	9757.23	22715.16	-1	ddd	10
_h6_183	31994.54	20500.42	484	FBCCE7	50
_h6_1029	35180.91	19923.69	-1	ddd	10
_h5_3987	21138.99	22995.59	-1	ddd	10
_h6_1165	33125.8	25327.44	-1	ddd	10
_h6_309	9698.1	23280.48	-1	ddd	10
_h6_409	25069.55	18024.14	301	CCFF00	50
_h6_423	41512.98	31001.79	7962	FF033E	50
_h6_646	41442.91	30855.41	7962	FF033E	50
_h6_30	22777.12	18688.25	1228	7CB9E8	50
_h6_332	22631.71	15760.47	-1	ddd	10
_h6_967	6879.03	27419.51	71609	1974D2	50
_h5_4168	15561.9	28116.08	-1	ddd	10
_h5_4617	19177.04	22819.67	187	F64A8A	50
_h5_4706	23139.57	21807.06	-1	ddd	10
_h6_978	43930.7	30861.61	7962	FF033E	50
_h5_4674	25811.75	21955.79	-1	ddd	10
_h5_4758	33021.13	15306.22	-1	ddd	10
_h5_4692	15873.56	24697.3	28742	FF91AF	50
_h6_5	9704.5	26134.41	2873	72A0C1	50
_h5_4695	25440.92	17170.77	33600	BCD4E6	50
_h5_3839	19183.53	20557.01	205	555D50	50
_h5_3696	19325.33	20213.23	171	0072BB	50
_h5_4249	29964.65	26036.83	61	B48395	50
_h6_411	17527.24	16299.65	2	FF7F50	50
_h5_4015	21391.82	22277.01	-1	ddd	10
_h5_3995	21765.52	20675.2	-1	ddd	10
_h5_4071	21411.47	22281.3	-1	ddd	10
_h6_694	41714.07	31075.17	7962	FF033E	50
_h5_4851	43102.62	30598.85	7962	FF033E	50
_h6_330	12469.96	24888.35	122	ACE1AF	50
_h5_3834	27039.37	11467.67	-1	ddd	10
_h5_4210	27038.92	11464.18	-1	ddd	10
_h6_308	17082.76	15830.62	2	FF7F50	50
_h5_4263	12319.88	24852.74	122	ACE1AF	50
_h5_4262	26970.47	28189.73	-1	ddd	10
_h6_1048	30536.52	32901.72	-1	ddd	10
_h5_4286	32485.92	26383.69	61	B48395	50
_h5_4341	32505.41	26360.07	61	B48395	50
_h6_804	15397.95	14171.98	2	FF7F50	50
_h6_840	33195.93	19217.07	484	FBCCE7	50
_h6_52	39420.43	29397.71	-1	ddd	10
_h5_4701	19217.27	23291.16	187	F64A8A	50
_h5_3759	18698.22	22614.73	-1	ddd	10
_h5_3613	8268.35	17244.66	-1	ddd	10
_h5_4704	30771.03	22569.44	-1	ddd	10
_h6_871	15366.01	14122.54	2	FF7F50	50
_h6_3	32028.41	21965.19	37854	FE6F5E	50
_h5_4648	26960.31	28109.04	-1	ddd	10
_h5_4842	27094.49	28276.06	-1	ddd	10
_h5_4645	22395.61	22915.18	60	6F00FF	50
_h5_4641	26560.1	26848.21	215	1E90FF	50
_h5_4640	14715.58	25244.25	28742	FF91AF	50
_h5_4582	8769.6	20790.46	-1	ddd	10
_h5_4583	31843.39	26205.18	61	B48395	50
_h5_4677	32119.13	26315.26	61	B48395	50
_h5_4693	31974.6	26259.92	61	B48395	50
_h5_4584	42211.68	24773.24	-1	ddd	10
_h5_4589	20839.48	23584.77	276	856088	50
_h5_4466	18553.51	29257.84	-1	ddd	10
_h5_4465	22886.81	22238.68	-1	ddd	10
_h5_4524	22882.69	22255.3	-1	ddd	10
_h5_4463	17386.76	31134.63	-1	ddd	10
_h6_901	11826.23	10226.56	-1	ddd	10
_h6_201	14293.12	20279.97	-1	ddd	10
_h5_4460	18190.88	24492.57	187	F64A8A	50
_h5_4517	17834.99	24574.32	145	A40000	50
_h5_4551	17451.95	24588.53	145	A40000	50
_h5_4405	18581.46	24322.05	187	F64A8A	50
_h5_4736	18786.57	24177.26	187	F64A8A	50
_h5_4746	20911.88	21375.38	-1	ddd	10
_h5_4748	20713.09	21377.24	-1	ddd	10
_h5_4763	21874.06	18914.41	166	AB4E52	50
_h6_749	41010.9	23378.38	54209	8A2BE2	50
_h5_4744	22354.3	18824.76	1228	7CB9E8	50
_h5_4742	31597.04	21918.59	37854	FE6F5E	50
_h5_4469	26819.17	26161.08	-1	ddd	10
_h5_4602	36591.51	35039.71	-1	ddd	10
_h5_4089	24436.5	29273.26	-1	ddd	10
_h5_4024	24423.36	29232.58	-1	ddd	10
_h5_4513	21151.3	12499.22	-1	ddd	10
_h5_4510	13889.28	12324.93	-1	ddd	10
_h5_4516	28730.27	26427.44	61	B48395	50
_h5_3804	28955.36	26403.46	61	B48395	50
_h5_4514	26145.75	24083.09	-1	ddd	10
_h5_3805	8840.92	13306.28	-1	ddd	10
_h5_4601	23859.16	31042.31	30	9932CC	50
_h6_284	28510.55	30076.26	1866	B284BE	50
_h5_4368	22195.09	22759.73	60	6F00FF	50
_h6_596	42449.32	29085.47	-1	ddd	10
_h5_3876	28080.52	22863.3	207	FF77FF	50
_h6_668	22401.99	15374.8	-1	ddd	10
_h6_651	15523.34	14011.46	2	FF7F50	50
_h5_3973	22910.81	21567.03	-1	ddd	10
_h5_3992	22904.37	21921.03	-1	ddd	10
_h5_4636	15631.51	13768.78	2	FF7F50	50
_h5_4637	31124.11	27942.83	-1	ddd	10
_h5_4380	31642.21	26124.29	61	B48395	50
_h5_4630	19059.33	21342.48	205	555D50	50
_h5_3657	40987.62	22644.99	54209	8A2BE2	50
_h6_492	39113.47	20473.66	53406	6699CC	50
_h5_3710	23032.72	31813.25	-1	ddd	10
_h5_3893	24135.03	22478.55	-1	ddd	10
_h5_3897	15345.38	14127.21	2	FF7F50	50
_h6_207	38638.12	29126.0	411	6495ED	50
_h5_4788	34421.29	31308.91	-1	ddd	10
_h6_905	18438.09	27749.4	175	FFF8DC	50
_h5_4126	19054.98	27289.64	175	FFF8DC	50
_h5_4125	26244.24	24349.83	-1	ddd	10
_h5_4042	20033.6	21035.16	-1	ddd	10
_h5_4006	20837.08	19008.58	166	AB4E52	50
_h5_4790	19252.99	20370.74	171	0072BB	50
_h5_4829	19836.73	24639.65	-1	ddd	10
_h6_306	43950.29	30876.12	7962	FF033E	50
_h5_4315	22576.53	23288.65	60	6F00FF	50
_h6_271	13139.69	25178.96	28742	FF91AF	50
_h5_4865	22425.24	22472.28	60	6F00FF	50
_h5_4381	22882.38	22247.72	-1	ddd	10
_h5_4314	17590.73	21163.6	-1	ddd	10
_h5_4752	17339.44	21029.41	-1	ddd	10
_h5_4316	31054.15	22420.69	-1	ddd	10
_h5_4250	31026.77	25913.68	61	B48395	50
_h5_4251	31247.34	12404.19	-1	ddd	10
_h5_4253	26020.38	25616.41	-1	ddd	10
_h5_4321	25045.78	23059.07	196	7E5E60	50
_h5_4254	15528.75	28974.07	-1	ddd	10
_h5_4256	24842.6	20979.84	-1	ddd	10
_h6_639	16140.98	14787.94	2	FF7F50	50
_h6_547	25220.34	17514.39	33600	BCD4E6	50
_h5_3628	5686.52	13811.6	-1	ddd	10
_h6_650	39350.29	38121.79	-1	ddd	10
_h6_755	22083.25	14908.51	-1	ddd	10
_h5_4386	15201.32	13906.39	2	FF7F50	50
_h5_4387	23464.02	18649.73	1228	7CB9E8	50
_h5_4202	23508.69	18656.82	1228	7CB9E8	50
_h5_4224	30034.43	11917.72	-1	ddd	10
_h5_4159	19001.61	21675.44	205	555D50	50
_h5_4388	19926.95	12429.85	-1	ddd	10
_h6_861	15367.72	14135.31	2	FF7F50	50
_h5_4379	33452.78	31968.97	-1	ddd	10
_h5_4097	21779.44	22669.83	-1	ddd	10
_h5_3794	21792.74	22700.75	-1	ddd	10
_h5_4219	21800.43	22715.62	-1	ddd	10
_h5_4624	19768.75	18484.54	171	0072BB	50
_h6_860	16058.61	14736.77	2	FF7F50	50
_h5_4556	21918.48	21965.94	47	C154C1	50
_h5_4554	19008.19	21678.51	205	555D50	50
_h5_4553	24095.75	25912.77	-1	ddd	10
_h5_4418	17924.97	25178.14	-1	ddd	10
_h5_4416	19069.32	21278.14	205	555D50	50
_h5_3566	18728.86	24241.65	187	F64A8A	50
_h5_4525	26264.06	25405.57	-1	ddd	10
_h5_4412	22554.37	18627.04	1228	7CB9E8	50
_h5_4413	13724.36	10706.43	-1	ddd	10
_h5_4410	13051.39	11539.36	-1	ddd	10
_h5_4867	12799.71	26486.22	-1	ddd	10
_h5_4821	33335.13	14866.98	-1	ddd	10
_h5_3922	19070.3	21419.57	205	555D50	50
_h5_3911	19072.81	21325.13	205	555D50	50
_h5_3742	30108.61	22819.83	-1	ddd	10
_h5_4844	36904.82	27434.23	411	6495ED	50
_h6_18	22146.59	18901.35	1228	7CB9E8	50
_h6_12	11618.9	24835.54	122	ACE1AF	50
_h5_4661	42772.8	21385.0	-1	ddd	10
_h5_4070	24129.12	22470.63	-1	ddd	10
_h5_4106	22972.31	18678.29	1228	7CB9E8	50
_h5_3968	24132.23	22469.54	-1	ddd	10
_h5_4076	34142.99	26703.86	84	014421	50
_h5_4077	23010.95	18668.95	1228	7CB9E8	50
_h6_1114	44092.19	31003.46	7962	FF033E	50
_h5_4078	25191.54	24793.46	152	AA381E	50
_h5_4079	31834.61	20606.26	484	FBCCE7	50
_h6_946	26101.73	15441.85	69293	C32148	50
_h5_3998	21983.47	22167.98	47	C154C1	50
_h6_1101	14882.31	13540.23	2	FF7F50	50
_h5_3996	30406.59	32073.79	-1	ddd	10
_h5_4458	25881.3	22690.42	-1	ddd	10
_h6_123	30991.59	25908.78	61	B48395	50
_h6_444	8693.71	17948.19	-1	ddd	10
_h6_4	21124.75	34972.84	-1	ddd	10
_h5_4859	10225.53	31812.55	71466	FF007F	50
_h6_28	37018.62	27569.42	411	6495ED	50
_h6_1136	29615.47	19885.98	86402	F0DC82	50
_h5_3599	26274.22	25474.7	-1	ddd	10
_h6_866	15889.55	14617.38	2	FF7F50	50
_h5_4211	25799.4	21793.82	-1	ddd	10
_h5_4212	9724.71	22800.52	-1	ddd	10
_h5_3749	12433.54	11391.46	-1	ddd	10
_h5_3746	26670.94	26022.64	-1	ddd	10
_h5_4148	26444.28	25840.56	-1	ddd	10
_h5_3745	35644.0	16370.91	-1	ddd	10
_h5_4857	24544.53	28993.69	-1	ddd	10
_h5_3698	22458.43	22884.01	60	6F00FF	50
_h5_4670	40359.98	26729.06	-1	ddd	10
_h5_4675	25796.34	22366.8	-1	ddd	10
_h5_4663	25812.28	22442.39	-1	ddd	10
_h5_4173	21701.01	27259.93	85560	1B4D3E	50
_h5_4172	32006.81	22035.11	37854	FE6F5E	50
_h5_4597	13858.49	12206.14	-1	ddd	10
_h5_4595	41471.64	24516.81	-1	ddd	10
_h5_4594	26322.03	27330.19	215	1E90FF	50
_h5_4754	26300.45	27357.39	215	1E90FF	50
_h5_4322	38530.4	29084.92	411	6495ED	50
_h5_4028	12099.51	18191.66	-1	ddd	10
_h6_522	20902.24	13075.32	-1	ddd	10
_h5_4327	24520.14	30701.29	-1	ddd	10
_h6_129	37619.06	28257.69	411	6495ED	50
_h5_4698	11686.32	11170.45	-1	ddd	10
_h5_4699	16235.99	14856.76	2	FF7F50	50
_h5_4753	42162.09	15310.9	-1	ddd	10
_h5_4755	13295.75	11649.3	-1	ddd	10
_h5_4757	11073.54	24921.7	122	ACE1AF	50
_h5_4696	10814.98	24933.23	122	ACE1AF	50
_h5_4691	7327.05	20784.67	-1	ddd	10
_h5_4694	22694.4	18689.43	1228	7CB9E8	50
_h5_3785	10242.16	12909.08	-1	ddd	10
_h5_4359	20726.26	19037.56	166	AB4E52	50
_h5_4350	22531.63	24458.28	393	007BA7	50
_h5_4494	22536.94	24418.29	393	007BA7	50
_h5_4352	18884.46	21890.95	205	555D50	50
_h5_4527	39636.91	16143.61	73370	F4BBFF	50
_h5_4319	22356.35	23197.11	60	6F00FF	50
_h5_4522	26090.68	23104.92	-1	ddd	10
_h6_387	15815.08	14563.38	2	FF7F50	50
_h5_4370	23564.57	24120.22	15	F7E98E	50
_h5_4495	15468.84	24883.36	28742	FF91AF	50
_h5_4204	25819.33	21830.63	-1	ddd	10
_h5_4778	32018.5	21975.39	37854	FE6F5E	50
_h6_61	22412.11	18822.41	1228	7CB9E8	50
_h5_3812	18134.11	11332.8	-1	ddd	10
_h6_676	36217.18	12238.36	-1	ddd	10
_h6_430	28786.36	30478.4	1866	B284BE	50
_h5_3562	35811.45	17904.75	-1	ddd	10
_h5_3770	35711.64	17982.37	-1	ddd	10
_h6_1115	30690.62	33226.87	-1	ddd	10
_h6_959	15258.04	13959.97	2	FF7F50	50
_h5_4140	22238.41	26770.31	-1	ddd	10
_h5_4142	21893.36	24601.14	71984	08E8DE	50
_h5_4144	31280.92	25989.41	61	B48395	50
_h6_531	12850.28	19772.36	-1	ddd	10
_h5_3707	22880.13	33098.25	-1	ddd	10
_h5_4791	22221.17	27801.63	53	E75480	50
_h6_318	22828.38	17221.54	-1	ddd	10
_h5_3700	23410.55	21286.14	-1	ddd	10
_h6_1006	43956.03	32078.9	84489	664423	50
_h5_4818	16895.65	15567.31	2	FF7F50	50
_h5_4819	29852.51	31646.57	-1	ddd	10
_h5_3632	26683.83	35572.84	-1	ddd	10
_h5_4812	25246.17	28364.05	-1	ddd	10
_h5_4814	24601.58	18454.4	301	CCFF00	50
_h5_4815	41507.97	31027.43	7962	FF033E	50
_h5_3796	28432.0	35237.1	-1	ddd	10
_h5_4361	32428.8	26174.74	61	B48395	50
_h6_574	26975.59	26157.38	-1	ddd	10
_h5_4243	42031.77	20317.6	-1	ddd	10
_h5_4242	25474.01	25083.07	152	AA381E	50
_h5_3989	19078.02	21121.19	205	555D50	50
_h5_4241	34954.05	18672.88	-1	ddd	10
_h5_4240	15332.05	24937.8	28742	FF91AF	50
_h5_4499	21210.45	11971.62	-1	ddd	10
_h6_8	8365.3	13416.96	-1	ddd	10
_h6_220	41917.44	27675.56	-1	ddd	10
_h5_4399	24041.96	31150.62	30	9932CC	50
_h6_116	7122.79	15090.01	-1	ddd	10
_h6_15	31933.46	21924.26	37854	FE6F5E	50
_h6_802	33031.77	19257.04	484	FBCCE7	50
_h6_16	24706.87	18516.74	301	CCFF00	50
_h6_1065	43872.71	30839.78	7962	FF033E	50
_h5_4395	27738.52	11242.91	-1	ddd	10
_h5_4396	26612.49	14213.46	-1	ddd	10
_h5_4618	9886.43	26002.3	2873	72A0C1	50
_h5_4784	24357.27	18311.97	301	CCFF00	50
_h5_4627	26588.81	21553.06	-1	ddd	10
_h5_4569	23050.1	13019.19	-1	ddd	10
_h6_1157	26238.26	15040.55	-1	ddd	10
_h5_3773	21031.04	12008.61	-1	ddd	10
_h5_4402	23660.18	18693.29	1228	7CB9E8	50
_h6_1087	44041.98	14713.88	-1	ddd	10
_h5_4408	32423.14	26183.79	61	B48395	50
_h5_4762	21945.48	27471.27	-1	ddd	10
_h5_4766	9942.73	13282.77	-1	ddd	10
_h5_4878	44820.92	14536.54	-1	ddd	10
_h5_4826	37986.37	16590.06	48595	ACE5EE	50
_h5_4199	11928.65	11285.52	-1	ddd	10
_h5_3912	10602.45	18202.01	-1	ddd	10
_h5_4817	9666.98	23083.07	-1	ddd	10
_h5_4872	38505.47	29045.13	411	6495ED	50
_h5_4486	32028.87	21961.92	37854	FE6F5E	50
_h5_4652	21355.49	17744.46	-1	ddd	10
_h5_4063	21310.52	24515.92	-1	ddd	10
_h6_462	32521.07	19884.3	484	FBCCE7	50
_h5_4060	31164.43	33500.94	-1	ddd	10
_h6_1105	21989.68	29234.31	-1	ddd	10
_h5_3980	34148.82	20534.8	-1	ddd	10
_h6_1097	33813.69	18640.12	484	FBCCE7	50
_h6_84	19334.21	25602.63	175	FFF8DC	50
_h6_307	28587.38	30177.06	1866	B284BE	50
_h5_4843	22929.36	20309.22	-1	ddd	10
_h5_4549	26477.9	16560.46	-1	ddd	10
_h5_3856	6664.94	17038.0	-1	ddd	10
_h5_4442	14106.99	12627.13	-1	ddd	10
_h5_4612	5707.87	17118.08	-1	ddd	10
_h5_4616	41802.99	24276.49	-1	ddd	10
_h5_3677	11650.71	33471.53	-1	ddd	10
_h5_4193	22652.51	24583.49	393	007BA7	50
_h5_3678	32079.88	15436.53	322	4A5D23	50
_h5_4297	20778.52	19023.29	166	AB4E52	50
_h5_4291	15144.35	17119.38	-1	ddd	10
_h5_4665	26627.86	26596.66	215	1E90FF	50
_h5_4664	12385.03	22676.42	-1	ddd	10
_h5_4849	23170.57	18634.05	1228	7CB9E8	50
_h6_87	19772.65	18165.11	171	0072BB	50
_h6_26	19703.28	19282.95	171	0072BB	50
_h6_27	9847.2	25047.06	122	ACE1AF	50
_h6_29	20046.4	17887.18	171	0072BB	50
_h6_33	40071.18	29676.12	-1	ddd	10
_h6_32	19734.57	18970.91	171	0072BB	50
_h6_31	36574.94	27106.07	411	6495ED	50
_h6_36	11743.76	11188.89	-1	ddd	10
_h6_35	29845.42	31636.88	-1	ddd	10
_h6_34	21975.25	21830.29	47	C154C1	50
_h6_39	15314.54	20452.03	-1	ddd	10
_h6_38	10610.87	10709.05	-1	ddd	10
_h6_37	27595.37	29014.34	1866	B284BE	50
_h6_41	9747.62	22709.56	-1	ddd	10
_h6_42	36985.16	27524.34	411	6495ED	50
_h6_40	19771.64	18132.26	171	0072BB	50
_h6_46	31977.0	20871.47	484	FBCCE7	50
_h6_48	18222.99	26545.35	-1	ddd	10
_h6_49	19681.0	36261.54	-1	ddd	10
_h6_47	19031.89	17089.35	2	FF7F50	50
_h6_44	22510.82	18572.34	1228	7CB9E8	50
_h6_45	22642.02	23023.23	60	6F00FF	50
_h6_55	9835.12	26108.33	2873	72A0C1	50
_h6_54	37084.15	21562.9	-1	ddd	10
_h6_51	19759.08	18023.57	171	0072BB	50
_h6_53	23014.06	18649.2	1228	7CB9E8	50
_h6_57	9459.46	13149.69	-1	ddd	10
_h6_60	32816.81	22192.96	-1	ddd	10
_h6_62	27674.67	29184.6	1866	B284BE	50
_h6_63	39372.9	16174.04	73370	F4BBFF	50
_h6_64	9695.96	27322.25	-1	ddd	10
_h6_56	14175.13	12776.48	-1	ddd	10
_h6_65	9941.34	36596.59	-1	ddd	10
_h6_58	17127.23	24563.41	145	A40000	50
_h6_66	37211.89	27800.52	411	6495ED	50
_h6_68	15120.19	20418.6	-1	ddd	10
_h6_69	43802.0	31946.71	84489	664423	50
_h6_67	31325.59	12458.35	-1	ddd	10
_h6_70	22622.58	17860.3	1228	7CB9E8	50
_h6_75	39123.02	16175.87	73370	F4BBFF	50
_h6_73	19313.39	34529.67	-1	ddd	10
_h6_72	35562.57	12723.01	-1	ddd	10
_h6_71	19759.19	18044.79	171	0072BB	50
_h6_76	38386.13	28959.1	411	6495ED	50
_h6_77	26125.21	23827.74	-1	ddd	10
_h6_904	20922.34	13422.18	-1	ddd	10
_h6_79	19275.02	25445.26	175	FFF8DC	50
_h6_85	31880.77	20660.99	484	FBCCE7	50
_h6_82	31441.41	32078.33	-1	ddd	10
_h6_83	22594.45	18907.85	1228	7CB9E8	50
_h6_81	24583.3	18562.49	301	CCFF00	50
_h6_86	15226.28	13939.44	2	FF7F50	50
_h6_88	19375.75	25876.6	175	FFF8DC	50
_h6_89	38269.73	28862.23	411	6495ED	50
_h6_95	21394.18	21326.51	-1	ddd	10
_h6_91	13778.61	12887.43	-1	ddd	10
_h6_94	15462.0	30545.32	-1	ddd	10
_h6_97	19056.02	21338.66	205	555D50	50
_h6_96	23132.59	21734.83	-1	ddd	10
_h6_92	27952.47	29627.42	1866	B284BE	50
_h6_90	20428.18	12089.03	-1	ddd	10
_h6_93	19745.13	17957.42	171	0072BB	50
_h6_99	21302.75	17396.43	-1	ddd	10
_h6_98	13614.65	22099.16	-1	ddd	10
_h6_100	21425.61	12242.01	-1	ddd	10
_h6_101	37839.8	28481.45	411	6495ED	50
_h6_102	19773.49	18689.08	171	0072BB	50
_h6_103	40131.02	29715.42	-1	ddd	10
_h6_104	14123.91	25369.85	28742	FF91AF	50
_h6_105	13457.47	34332.86	-1	ddd	10
_h6_106	13895.4	12259.84	-1	ddd	10
_h6_108	7812.95	12381.77	-1	ddd	10
_h6_109	16382.88	12918.37	-1	ddd	10
_h6_107	9668.27	26142.48	2873	72A0C1	50
_h6_111	6504.57	15710.62	-1	ddd	10
_h6_110	38288.23	28881.58	411	6495ED	50
_h6_118	27690.07	29219.44	1866	B284BE	50
_h6_112	24916.21	18509.98	301	CCFF00	50
_h6_115	31880.78	20621.42	484	FBCCE7	50
_h6_113	19764.56	18773.99	171	0072BB	50
_h6_114	23451.44	15031.87	-1	ddd	10
_h6_117	39843.53	22410.78	-1	ddd	10
_h6_119	13986.47	25373.46	28742	FF91AF	50
_h6_122	40248.24	29804.16	7962	FF033E	50
_h6_124	21449.42	34361.37	6805	FFBF00	50
_h6_120	37589.25	28225.93	411	6495ED	50
_h6_121	19708.28	17837.34	171	0072BB	50
_h6_126	20448.32	12233.34	-1	ddd	10
_h6_127	19352.41	25976.81	175	FFF8DC	50
_h6_128	14839.88	13521.39	2	FF7F50	50
_h6_132	44010.86	30916.19	7962	FF033E	50
_h6_135	19773.94	18124.49	171	0072BB	50
_h6_133	19743.03	17962.82	171	0072BB	50
_h6_134	9006.7	10917.78	-1	ddd	10
_h6_130	22446.89	18432.06	1228	7CB9E8	50
_h6_131	13932.04	25375.51	28742	FF91AF	50
_h6_136	35885.56	23264.31	-1	ddd	10
_h6_139	38306.28	28892.06	411	6495ED	50
_h6_137	38397.72	28959.64	411	6495ED	50
_h6_142	40220.03	29777.59	-1	ddd	10
_h6_140	32081.89	21974.18	37854	FE6F5E	50
_h6_141	19780.22	18608.86	171	0072BB	50
_h6_143	27836.83	29489.36	1866	B284BE	50
_h6_151	31948.64	21947.32	37854	FE6F5E	50
_h6_150	9746.96	26124.96	2873	72A0C1	50
_h6_152	8240.02	17937.89	-1	ddd	10
_h6_148	14590.9	13126.5	-1	ddd	10
_h6_149	31948.48	20549.42	484	FBCCE7	50
_h6_146	19843.84	26566.79	-1	ddd	10
_h6_147	19684.41	17763.11	171	0072BB	50
_h6_144	24846.78	18568.71	301	CCFF00	50
_h6_145	22692.67	19380.25	1228	7CB9E8	50
_h6_153	43150.18	30571.3	7962	FF033E	50
_h6_155	6331.59	15998.43	-1	ddd	10
_h6_154	20787.01	12568.8	-1	ddd	10
_h6_158	18649.46	26711.53	-1	ddd	10
_h6_159	37679.4	28320.7	411	6495ED	50
_h6_160	40134.92	16016.46	-1	ddd	10
_h6_161	13933.85	25372.26	28742	FF91AF	50
_h6_162	19711.75	17837.36	171	0072BB	50
_h6_164	22459.1	18301.06	1228	7CB9E8	50
_h6_165	22394.55	18688.95	1228	7CB9E8	50
_h6_166	27989.94	29662.77	1866	B284BE	50
_h6_167	14399.97	15645.65	-1	ddd	10
_h6_168	44055.31	30962.59	7962	FF033E	50
_h6_170	40566.87	26198.99	-1	ddd	10
_h6_169	39664.94	31737.92	-1	ddd	10
_h6_172	14556.44	20323.43	-1	ddd	10
_h6_171	19223.58	17192.93	2	FF7F50	50
_h6_174	24900.23	18538.82	301	CCFF00	50
_h6_182	42984.13	30259.4	7962	FF033E	50
_h6_180	22489.88	18542.65	1228	7CB9E8	50
_h6_181	21698.34	19524.13	-1	ddd	10
_h6_177	30225.08	31961.03	-1	ddd	10
_h6_176	31757.42	20459.22	484	FBCCE7	50
_h6_175	24556.73	28973.86	-1	ddd	10
_h6_173	20518.38	12373.91	-1	ddd	10
_h6_1008	12791.04	25830.3	-1	ddd	10
_h6_178	33834.1	12705.0	-1	ddd	10
_h6_186	40254.5	29805.15	7962	FF033E	50
_h6_184	31729.97	18507.69	-1	ddd	10
_h6_185	15114.46	12810.02	-1	ddd	10
_h6_187	18194.08	16527.2	2	FF7F50	50
_h6_189	13882.51	25373.31	28742	FF91AF	50
_h6_195	19314.39	26117.72	175	FFF8DC	50
_h6_194	13739.67	12057.04	-1	ddd	10
_h6_191	40095.19	16059.38	-1	ddd	10
_h6_190	37649.04	28289.0	411	6495ED	50
_h6_192	28034.55	29698.81	1866	B284BE	50
_h6_193	9720.82	26134.16	2873	72A0C1	50
_h6_197	20320.99	23481.65	137	543D37	50
_h6_196	19377.07	17313.0	2	FF7F50	50
_h6_198	23437.34	14998.71	-1	ddd	10
_h6_199	28824.65	32982.49	-1	ddd	10
_h6_206	17927.78	16698.18	2	FF7F50	50
_h6_208	22448.89	18345.94	1228	7CB9E8	50
_h6_205	11352.54	24881.65	122	ACE1AF	50
_h6_204	27689.87	16233.46	-1	ddd	10
_h6_213	32090.84	34948.8	-1	ddd	10
_h6_210	21689.62	19538.68	-1	ddd	10
_h6_211	13376.87	11717.17	-1	ddd	10
_h6_212	17973.95	16728.07	2	FF7F50	50
_h6_209	32100.19	20145.2	484	FBCCE7	50
_h6_218	38171.64	28784.79	411	6495ED	50
_h6_217	6726.87	15439.21	-1	ddd	10
_h6_215	6309.84	16031.2	-1	ddd	10
_h6_216	13705.65	25350.76	28742	FF91AF	50
_h6_219	18094.33	16789.72	2	FF7F50	50
_h6_222	41945.68	22258.7	-1	ddd	10
_h6_221	21459.76	34334.99	6805	FFBF00	50
_h6_224	22662.6	17766.81	1228	7CB9E8	50
_h6_225	9429.49	18094.42	-1	ddd	10
_h6_223	14146.26	20255.75	-1	ddd	10
_h6_230	20907.98	29668.85	-1	ddd	10
_h6_229	20899.13	12391.55	-1	ddd	10
_h6_228	18291.44	16302.08	2	FF7F50	50
_h6_227	22202.7	27919.96	53	E75480	50
_h6_231	40093.41	29685.89	-1	ddd	10
_h6_232	19381.71	17316.81	2	FF7F50	50
_h6_233	9671.76	26145.08	2873	72A0C1	50
_h6_240	29435.56	27355.37	-1	ddd	10
_h6_237	29766.44	17622.1	-1	ddd	10
_h6_241	27993.82	24943.93	-1	ddd	10
_h6_244	40822.46	30339.97	7962	FF033E	50
_h6_243	19124.57	17137.99	2	FF7F50	50
_h6_238	39934.34	29591.91	-1	ddd	10
_h6_239	28128.82	29766.01	1866	B284BE	50
_h6_236	24949.26	18412.38	301	CCFF00	50
_h6_242	20631.04	12205.03	-1	ddd	10
_h6_234	22545.33	18049.34	1228	7CB9E8	50
_h6_235	40867.26	14814.05	-1	ddd	10
_h6_249	32145.94	20338.45	484	FBCCE7	50
_h6_246	9836.89	26492.05	-1	ddd	10
_h6_247	25518.44	28096.4	-1	ddd	10
_h6_245	22564.38	17996.29	1228	7CB9E8	50
_h6_248	23987.99	29831.84	-1	ddd	10
_h6_252	38230.69	28834.63	411	6495ED	50
_h6_253	9785.26	10717.83	-1	ddd	10
_h6_250	19507.39	17452.22	2	FF7F50	50
_h6_251	18920.94	17049.73	2	FF7F50	50
_h6_254	14831.6	13468.27	2	FF7F50	50
_h6_256	13697.02	20145.24	-1	ddd	10
_h6_255	38153.63	28764.73	411	6495ED	50
_h6_259	38420.54	28980.81	411	6495ED	50
_h6_258	22605.96	17899.15	1228	7CB9E8	50
_h6_261	31232.28	25973.81	61	B48395	50
_h6_260	8660.2	10958.21	17609	4B5320	50
_h6_263	18967.53	17069.98	2	FF7F50	50
_h6_262	32276.54	22013.93	37854	FE6F5E	50
_h6_265	41209.65	30679.87	7962	FF033E	50
_h6_267	30825.01	30610.51	-1	ddd	10
_h6_266	19178.58	26422.79	175	FFF8DC	50
_h6_264	23080.99	21261.97	-1	ddd	10
_h6_268	19536.42	17490.99	2	FF7F50	50
_h6_269	38779.03	29196.83	411	6495ED	50
_h6_270	25083.7	17810.92	301	CCFF00	50
_h6_272	20531.09	12261.64	-1	ddd	10
_h6_274	32163.98	20319.04	484	FBCCE7	50
_h6_275	9565.61	26172.67	2873	72A0C1	50
_h6_276	13844.42	20192.3	-1	ddd	10
_h6_280	14720.44	14974.34	-1	ddd	10
_h6_282	32452.94	26133.3	61	B48395	50
_h6_278	20711.73	12563.18	-1	ddd	10
_h6_279	17043.56	24556.24	145	A40000	50
_h6_277	40051.55	29660.21	-1	ddd	10
_h6_283	14823.48	13491.84	2	FF7F50	50
_h6_286	20646.53	12522.18	-1	ddd	10
_h6_285	38136.4	28753.98	411	6495ED	50
_h6_287	6480.88	15748.72	-1	ddd	10
_h6_289	30775.51	33629.06	-1	ddd	10
_h6_290	19167.1	26683.09	175	FFF8DC	50
_h6_298	13453.36	17653.77	-1	ddd	10
_h6_294	18135.28	19226.92	-1	ddd	10
_h6_292	12596.86	24928.9	122	ACE1AF	50
_h6_299	22932.57	21027.11	-1	ddd	10
_h6_296	18878.81	17032.1	2	FF7F50	50
_h6_297	41168.47	30642.03	7962	FF033E	50
_h6_300	20517.99	12433.31	-1	ddd	10
_h6_301	14775.37	12106.94	-1	ddd	10
_h6_302	39831.71	29543.6	-1	ddd	10
_h6_303	41364.77	24714.02	-1	ddd	10
_h6_304	32241.57	20235.71	484	FBCCE7	50
_h6_305	22842.73	17134.15	-1	ddd	10
_h6_313	41947.9	13374.21	-1	ddd	10
_h6_312	9317.45	26291.92	2873	72A0C1	50
_h6_311	9291.21	13208.05	-1	ddd	10
_h6_310	38089.8	28712.77	411	6495ED	50
_h6_317	27775.89	29397.36	1866	B284BE	50
_h6_316	40797.21	15122.48	-1	ddd	10
_h6_315	18462.42	16917.48	2	FF7F50	50
_h6_314	43187.2	23550.6	-1	ddd	10
_h6_319	41874.74	27908.75	-1	ddd	10
_h6_320	24133.53	22454.36	-1	ddd	10
_h6_321	27055.65	28173.88	-1	ddd	10
_h6_322	9861.82	25225.38	122	ACE1AF	50
_h6_323	23196.51	23559.1	60	6F00FF	50
_h6_324	21742.08	34819.24	-1	ddd	10
_h6_326	18437.56	16917.39	2	FF7F50	50
_h6_328	8543.81	11011.06	17609	4B5320	50
_h6_329	39893.52	29570.31	-1	ddd	10
_h6_327	34543.35	25645.07	-1	ddd	10
_h6_331	13467.63	20054.02	-1	ddd	10
_h6_334	25173.51	17086.47	33600	BCD4E6	50
_h6_339	34443.6	36303.32	-1	ddd	10
_h6_338	39193.21	20344.69	53406	6699CC	50
_h6_337	28536.85	30108.59	1866	B284BE	50
_h6_340	22707.7	17657.12	1228	7CB9E8	50
_h6_341	6579.4	33441.99	-1	ddd	10
_h6_342	39299.06	29364.61	-1	ddd	10
_h6_343	44205.97	31096.62	7962	FF033E	50
_h6_350	20784.61	12227.03	-1	ddd	10
_h6_348	19102.93	22046.01	205	555D50	50
_h6_349	41574.02	30962.57	7962	FF033E	50
_h6_344	32299.44	20174.04	484	FBCCE7	50
_h6_345	18322.91	16064.84	2	FF7F50	50
_h6_346	6227.65	16136.44	-1	ddd	10
_h6_347	18103.82	16797.67	2	FF7F50	50
_h6_352	40863.96	30630.82	7962	FF033E	50
_h6_351	18569.99	16945.39	2	FF7F50	50
_h6_360	8920.31	17957.3	-1	ddd	10
_h6_359	24376.5	13323.81	-1	ddd	10
_h6_985	23007.36	21974.35	-1	ddd	10
_h6_357	42281.88	13322.39	-1	ddd	10
_h6_356	12553.06	24913.8	122	ACE1AF	50
_h6_355	13395.4	20021.12	-1	ddd	10
_h6_354	19280.95	17233.72	2	FF7F50	50
_h6_353	22848.26	17091.82	-1	ddd	10
_h6_366	17517.56	16248.35	2	FF7F50	50
_h6_364	32431.89	25441.45	61	B48395	50
_h6_365	28737.51	30404.42	1866	B284BE	50
_h6_362	45346.93	14148.71	-1	ddd	10
_h6_363	19327.91	17269.78	2	FF7F50	50
_h6_361	39694.69	29486.11	-1	ddd	10
_h6_371	26707.31	16438.05	-1	ddd	10
_h6_370	10974.07	30202.25	-1	ddd	10
_h6_373	23458.82	22982.87	-1	ddd	10
_h6_372	19114.07	26793.17	175	FFF8DC	50
_h6_367	41541.36	30936.28	7962	FF033E	50
_h6_368	14282.49	25351.89	28742	FF91AF	50
_h6_369	9188.07	26390.54	2873	72A0C1	50
_h6_380	32395.71	26208.62	61	B48395	50
_h6_379	20865.99	12916.23	-1	ddd	10
_h6_378	24113.03	10474.02	-1	ddd	10
_h6_375	18793.05	17005.94	2	FF7F50	50
_h6_374	39865.81	29552.65	-1	ddd	10
_h6_377	40629.94	30150.87	7962	FF033E	50
_h6_376	46211.72	22326.96	-1	ddd	10
_h6_381	14139.29	11987.95	27340	89CFF0	50
_h6_383	32431.41	25457.63	61	B48395	50
_h6_384	17114.29	15880.68	2	FF7F50	50
_h6_385	39002.92	24395.71	-1	ddd	10
_h6_382	32368.79	20100.15	484	FBCCE7	50
_h6_386	36630.39	16824.6	-1	ddd	10
_h6_388	38867.59	29230.42	411	6495ED	50
_h6_393	17887.16	16673.72	2	FF7F50	50
_h6_392	15768.82	18157.62	-1	ddd	10
_h6_391	32510.02	21849.19	346	FFBF00	50
_h6_390	30131.74	12784.88	-1	ddd	10
_h6_397	14163.25	11957.41	27340	89CFF0	50
_h6_396	20815.04	12707.06	-1	ddd	10
_h6_395	20926.55	13207.51	-1	ddd	10
_h6_394	41610.31	31014.28	7962	FF033E	50
_h6_389	13287.52	19971.87	-1	ddd	10
_h6_405	28765.21	30446.36	1866	B284BE	50
_h6_404	32416.87	20047.1	484	FBCCE7	50
_h6_403	27221.27	19924.23	-1	ddd	10
_h6_402	15024.72	25104.1	28742	FF91AF	50
_h6_401	36975.79	23091.28	-1	ddd	10
_h6_400	31914.43	26238.58	61	B48395	50
_h6_408	32425.97	26179.27	61	B48395	50
_h6_407	39521.95	29424.36	-1	ddd	10
_h6_406	17847.52	16648.55	2	FF7F50	50
_h6_399	22851.93	16542.48	-1	ddd	10
_h6_398	11972.46	24813.38	122	ACE1AF	50
_h6_410	22131.32	23447.95	60	6F00FF	50
_h6_422	19489.0	37147.87	-1	ddd	10
_h6_418	20058.13	37249.43	-1	ddd	10
_h6_419	32492.4	25183.72	61	B48395	50
_h6_421	15088.37	13836.21	2	FF7F50	50
_h6_420	32608.85	19585.56	484	FBCCE7	50
_h6_414	41421.53	30847.65	7962	FF033E	50
_h6_415	19050.65	26870.74	175	FFF8DC	50
_h6_416	15617.21	24795.3	28742	FF91AF	50
_h6_412	40453.43	29987.91	7962	FF033E	50
_h6_413	12184.94	11304.47	-1	ddd	10
_h6_417	22703.53	15928.95	-1	ddd	10
_h6_425	7770.91	27413.77	-1	ddd	10
_h6_424	32499.9	19932.69	484	FBCCE7	50
_h6_427	13020.45	19849.96	-1	ddd	10
_h6_426	24146.08	21995.06	-1	ddd	10
_h6_429	15199.66	14005.71	2	FF7F50	50
_h6_428	39395.57	29383.7	-1	ddd	10
_h6_434	6039.27	17824.76	-1	ddd	10
_h6_435	40982.16	13879.97	-1	ddd	10
_h6_433	12227.89	15952.32	-1	ddd	10
_h6_431	12179.3	24828.81	122	ACE1AF	50
_h6_432	18381.63	16893.77	2	FF7F50	50
_h6_436	11928.58	24812.7	122	ACE1AF	50
_h6_437	15720.49	13694.9	2	FF7F50	50
_h6_438	22864.45	16885.37	-1	ddd	10
_h6_439	39788.3	29524.31	-1	ddd	10
_h6_441	14360.43	11728.7	-1	ddd	10
_h6_440	32444.76	25400.14	61	B48395	50
_h6_442	22321.95	32173.26	-1	ddd	10
_h6_443	21609.85	23881.3	30635	FFE135	50
_h6_447	41505.28	30908.49	7962	FF033E	50
_h6_446	23260.46	18801.84	1228	7CB9E8	50
_h6_450	21739.8	34824.81	-1	ddd	10
_h6_451	38849.43	29226.8	411	6495ED	50
_h6_452	17887.42	16677.79	2	FF7F50	50
_h6_453	20745.21	23604.42	276	856088	50
_h6_449	19641.03	19721.96	171	0072BB	50
_h6_448	25393.95	17243.93	33600	BCD4E6	50
_h6_454	12983.27	19832.93	-1	ddd	10
_h6_455	20872.99	12944.57	-1	ddd	10
_h6_456	28989.7	30785.95	1866	B284BE	50
_h6_457	17110.72	15864.28	2	FF7F50	50
_h6_458	20933.56	13229.94	-1	ddd	10
_h6_459	34808.95	12355.62	-1	ddd	10
_h6_465	23035.49	22761.65	50084	0000FF	50
_h6_464	31325.79	12055.59	-1	ddd	10
_h6_461	9963.99	24571.3	122	ACE1AF	50
_h6_460	19040.4	27069.5	175	FFF8DC	50
_h6_463	40014.79	26851.46	-1	ddd	10
_h6_468	17780.48	16606.81	2	FF7F50	50
_h6_467	11527.97	24850.86	122	ACE1AF	50
_h6_469	41520.45	31059.86	7962	FF033E	50
_h6_472	7738.64	27423.39	-1	ddd	10
_h6_473	22858.01	16601.92	-1	ddd	10
_h6_471	18733.46	16988.93	2	FF7F50	50
_h6_470	40285.35	29835.7	7962	FF033E	50
_h6_474	35024.54	30160.77	-1	ddd	10
_h6_475	15834.26	13571.09	2	FF7F50	50
_h6_479	10617.54	10751.71	-1	ddd	10
_h6_477	30791.68	33700.14	-1	ddd	10
_h6_480	30962.1	33759.66	-1	ddd	10
_h6_486	28893.98	30641.31	1866	B284BE	50
_h6_485	9471.1	21246.92	-1	ddd	10
_h6_484	40670.06	30194.61	7962	FF033E	50
_h6_483	9663.05	18191.54	-1	ddd	10
_h6_482	21805.44	21367.55	-1	ddd	10
_h6_481	25321.61	17356.62	33600	BCD4E6	50
_h6_478	10975.2	19400.83	-1	ddd	10
_h6_476	20858.43	12885.66	-1	ddd	10
_h6_487	18211.12	16835.81	2	FF7F50	50
_h6_488	41703.5	30903.2	7962	FF033E	50
_h6_489	22863.02	16673.48	-1	ddd	10
_h6_490	40590.63	30112.53	7962	FF033E	50
_h6_491	36947.99	16799.0	-1	ddd	10
_h6_494	11670.93	24832.06	122	ACE1AF	50
_h6_495	32561.85	19746.11	484	FBCCE7	50
_h6_496	19062.71	27197.05	175	FFF8DC	50
_h6_497	45571.76	13985.64	-1	ddd	10
_h6_499	17054.03	15795.89	2	FF7F50	50
_h6_500	17747.85	16579.17	2	FF7F50	50
_h6_502	24154.25	21997.37	-1	ddd	10
_h6_503	23007.08	20081.14	-1	ddd	10
_h6_506	22886.45	30635.71	-1	ddd	10
_h6_507	42358.87	23157.55	-1	ddd	10
_h6_504	40639.33	30164.63	7962	FF033E	50
_h6_505	20880.22	12973.85	-1	ddd	10
_h6_512	12768.61	19735.55	-1	ddd	10
_h6_511	40376.21	30314.68	7962	FF033E	50
_h6_510	42499.71	29151.91	-1	ddd	10
_h6_509	29052.19	30880.39	1866	B284BE	50
_h6_515	25360.83	17295.53	33600	BCD4E6	50
_h6_513	22290.13	15208.74	-1	ddd	10
_h6_514	42342.51	30627.2	7962	FF033E	50
_h6_516	18313.85	16873.07	2	FF7F50	50
_h6_521	25423.67	19523.96	-1	ddd	10
_h6_519	22973.2	20173.3	-1	ddd	10
_h6_518	27005.18	13080.4	56375	1C1CF0	50
_h6_517	7741.15	27419.55	-1	ddd	10
_h6_520	17034.39	15756.86	2	FF7F50	50
_h6_524	31898.56	12360.85	-1	ddd	10
_h6_523	11486.25	24858.18	122	ACE1AF	50
_h6_525	40704.83	30228.52	7962	FF033E	50
_h6_526	45494.63	24421.56	-1	ddd	10
_h6_530	41669.03	30917.47	7962	FF033E	50
_h6_527	33124.72	21260.64	-1	ddd	10
_h6_528	32551.56	19792.09	484	FBCCE7	50
_h6_536	9135.42	13865.01	-1	ddd	10
_h6_535	32410.61	26198.68	61	B48395	50
_h6_534	40736.53	30259.44	7962	FF033E	50
_h6_533	30713.65	31614.84	-1	ddd	10
_h6_542	32414.03	26193.6	61	B48395	50
_h6_540	22787.05	16188.32	-1	ddd	10
_h6_541	32135.49	12013.23	37986	648C11	50
_h6_537	16502.25	15064.21	2	FF7F50	50
_h6_539	12702.63	19705.8	-1	ddd	10
_h6_538	31659.16	21886.68	37854	FE6F5E	50
_h6_543	16352.62	14932.68	2	FF7F50	50
_h6_544	12683.46	18507.21	-1	ddd	10
_h6_548	10364.87	10776.34	-1	ddd	10
_h6_546	40821.04	31671.27	-1	ddd	10
_h6_550	41825.63	30852.93	7962	FF033E	50
_h6_549	15211.51	14172.92	2	FF7F50	50
_h6_551	10972.67	24929.6	122	ACE1AF	50
_h6_559	24448.82	12336.87	-1	ddd	10
_h6_558	39593.74	22255.68	-1	ddd	10
_h6_556	39403.92	20689.54	-1	ddd	10
_h6_553	31944.6	11713.51	-1	ddd	10
_h6_560	15755.01	14145.23	2	FF7F50	50
_h6_561	22611.74	15718.04	-1	ddd	10
_h6_554	23355.14	10315.51	-1	ddd	10
_h6_562	21668.35	35156.26	47590	A57164	50
_h6_555	22744.94	16043.72	-1	ddd	10
_h6_557	13950.3	10747.76	-1	ddd	10
_h6_563	30729.17	31708.39	-1	ddd	10
_h6_565	7696.09	27431.65	-1	ddd	10
_h6_568	6958.25	11958.45	-1	ddd	10
_h6_567	45760.23	17675.77	-1	ddd	10
_h6_564	32578.0	19673.9	484	FBCCE7	50
_h6_573	39610.58	20721.26	-1	ddd	10
_h6_572	12844.23	27750.05	-1	ddd	10
_h6_571	21879.64	14461.82	-1	ddd	10
_h6_570	40582.15	30108.86	7962	FF033E	50
_h6_576	19008.14	27587.6	175	FFF8DC	50
_h6_575	22617.22	27989.01	53	E75480	50
_h6_577	17366.81	16209.85	2	FF7F50	50
_h6_579	44651.84	31048.42	-1	ddd	10
_h6_578	41629.86	30933.69	7962	FF033E	50
_h6_580	6567.74	29039.46	-1	ddd	10
_h6_582	39574.47	29444.3	-1	ddd	10
_h6_583	29127.28	26807.59	-1	ddd	10
_h6_581	20909.34	13093.77	-1	ddd	10
_h6_586	10712.58	24933.73	122	ACE1AF	50
_h6_584	16465.72	15030.37	2	FF7F50	50
_h6_585	25309.85	17374.93	33600	BCD4E6	50
_h6_591	7563.24	27623.12	-1	ddd	10
_h6_590	40852.62	30372.55	7962	FF033E	50
_h6_592	20709.26	21481.64	-1	ddd	10
_h6_588	30971.17	34237.39	-1	ddd	10
_h6_589	8742.53	26959.19	-1	ddd	10
_h6_587	16844.5	15495.34	2	FF7F50	50
_h6_593	20946.34	13327.06	-1	ddd	10
_h6_595	17561.86	16421.62	2	FF7F50	50
_h6_597	31678.72	14297.65	-1	ddd	10
_h6_601	25123.72	23162.93	196	7E5E60	50
_h6_600	41617.38	31082.29	7962	FF033E	50
_h6_602	17598.96	16456.09	2	FF7F50	50
_h6_605	14679.81	11571.95	27340	89CFF0	50
_h6_604	16778.46	15396.7	2	FF7F50	50
_h6_607	22667.35	21786.06	-1	ddd	10
_h6_606	22384.86	22914.73	60	6F00FF	50
_h6_610	7060.34	26020.82	-1	ddd	10
_h6_609	40613.02	30143.59	7962	FF033E	50
_h6_608	22452.09	15450.32	-1	ddd	10
_h6_612	10761.26	24932.15	122	ACE1AF	50
_h6_613	30797.53	33710.95	-1	ddd	10
_h6_611	29583.84	31437.58	-1	ddd	10
_h6_616	42245.5	30683.7	7962	FF033E	50
_h6_614	25454.74	17142.11	33600	BCD4E6	50
_h6_617	12389.22	19896.57	-1	ddd	10
_h6_622	32281.15	11872.47	37986	648C11	50
_h6_621	40551.06	30078.53	7962	FF033E	50
_h6_620	24367.37	18315.09	301	CCFF00	50
_h6_618	16068.83	13279.66	-1	ddd	10
_h6_619	15654.93	14062.31	2	FF7F50	50
_h6_623	16751.48	15358.74	2	FF7F50	50
_h6_625	22636.66	15778.75	-1	ddd	10
_h6_624	21811.46	14174.68	-1	ddd	10
_h6_629	41748.07	31094.79	7962	FF033E	50
_h6_628	32711.36	19440.25	484	FBCCE7	50
_h6_630	22353.48	15298.83	-1	ddd	10
_h6_631	17502.89	16367.47	2	FF7F50	50
_h6_632	42722.18	30464.02	7962	FF033E	50
_h6_633	29421.65	31308.44	-1	ddd	10
_h6_640	10607.77	24922.55	122	ACE1AF	50
_h6_635	41036.09	30531.5	7962	FF033E	50
_h6_636	22370.28	15328.47	-1	ddd	10
_h6_637	18977.74	27650.71	175	FFF8DC	50
_h6_638	23421.24	20937.75	-1	ddd	10
_h6_641	12776.97	18445.33	-1	ddd	10
_h6_642	39162.63	19822.05	53406	6699CC	50
_h6_643	25420.62	17202.39	33600	BCD4E6	50
_h6_647	7717.11	27424.22	-1	ddd	10
_h6_649	33633.53	20751.27	-1	ddd	10
_h6_648	14559.46	11305.53	27340	89CFF0	50
_h6_652	22912.4	22006.77	-1	ddd	10
_h6_653	22454.88	15448.56	-1	ddd	10
_h6_654	42315.02	30653.52	7962	FF033E	50
_h6_655	41552.45	30934.01	7962	FF033E	50
_h6_662	21490.05	24033.95	30635	FFE135	50
_h6_661	21663.47	35204.08	47590	A57164	50
_h6_656	16024.36	14705.9	2	FF7F50	50
_h6_657	7851.73	11290.88	-1	ddd	10
_h6_658	29591.5	31439.31	-1	ddd	10
_h6_659	32795.22	19372.64	484	FBCCE7	50
_h6_660	8189.48	12768.66	-1	ddd	10
_h6_665	10405.29	24897.48	122	ACE1AF	50
_h6_664	41814.68	30853.87	7962	FF033E	50
_h6_667	12498.2	19613.69	-1	ddd	10
_h6_666	12428.35	19582.85	-1	ddd	10
_h6_669	15353.04	14164.93	2	FF7F50	50
_h6_674	25408.1	17215.79	33600	BCD4E6	50
_h6_670	21798.91	13942.45	-1	ddd	10
_h6_671	18941.19	27736.53	175	FFF8DC	50
_h6_672	42964.98	30217.73	7962	FF033E	50
_h6_673	38193.31	16393.55	48595	ACE5EE	50
_h6_678	15323.76	14194.24	2	FF7F50	50
_h6_675	41659.29	31021.18	7962	FF033E	50
_h6_679	30690.42	31999.49	-1	ddd	10
_h6_681	6710.86	11968.92	-1	ddd	10
_h6_680	21243.61	13668.51	-1	ddd	10
_h6_683	41515.93	30906.08	7962	FF033E	50
_h6_682	16091.85	14755.05	2	FF7F50	50
_h6_690	12384.03	19568.84	-1	ddd	10
_h6_691	44964.04	30823.71	-1	ddd	10
_h6_685	32181.99	26531.88	61	B48395	50
_h6_687	17069.07	15805.67	2	FF7F50	50
_h6_689	7648.82	27434.4	-1	ddd	10
_h6_688	23303.63	22629.88	50084	0000FF	50
_h6_684	32808.48	19360.0	484	FBCCE7	50
_h6_686	29768.85	31581.47	-1	ddd	10
_h6_692	42851.87	30506.99	7962	FF033E	50
_h6_696	22085.78	14906.34	-1	ddd	10
_h6_697	21900.82	14524.73	-1	ddd	10
_h6_698	16079.12	14568.6	2	FF7F50	50
_h6_699	25840.67	16446.76	53783	126180	50
_h6_704	24577.52	20988.83	-1	ddd	10
_h6_705	41469.1	30870.89	7962	FF033E	50
_h6_706	28178.18	33689.92	-1	ddd	10
_h6_707	24162.69	23864.85	-1	ddd	10
_h6_700	16804.91	15433.93	2	FF7F50	50
_h6_701	44687.61	31018.31	-1	ddd	10
_h6_702	15537.78	13975.85	2	FF7F50	50
_h6_713	42588.23	30437.51	7962	FF033E	50
_h6_712	33135.7	36523.93	-1	ddd	10
_h6_717	17177.15	15957.75	2	FF7F50	50
_h6_715	21209.63	13655.0	-1	ddd	10
_h6_714	40644.56	30174.35	7962	FF033E	50
_h6_719	12164.34	19585.72	-1	ddd	10
_h6_718	22494.18	19138.59	1228	7CB9E8	50
_h6_716	15002.85	24432.77	-1	ddd	10
_h6_722	12128.02	10430.98	53255	A2A2D0	50
_h6_723	21828.07	13792.62	-1	ddd	10
_h6_720	9596.63	24864.67	122	ACE1AF	50
_h6_721	32962.69	19280.19	484	FBCCE7	50
_h6_725	42880.0	31641.73	84489	664423	50
_h6_724	15425.42	14204.06	2	FF7F50	50
_h6_731	22403.45	19339.61	1228	7CB9E8	50
_h6_730	32437.2	26161.31	61	B48395	50
_h6_733	30729.29	32117.3	-1	ddd	10
_h6_732	39619.47	19921.96	53406	6699CC	50
_h6_735	27046.71	12966.88	56375	1C1CF0	50
_h6_734	16106.68	14768.94	2	FF7F50	50
_h6_737	9329.1	20553.6	-1	ddd	10
_h6_736	22071.92	13572.87	-1	ddd	10
_h6_738	36574.33	16808.81	-1	ddd	10
_h6_728	25259.82	31438.25	-1	ddd	10
_h6_729	12198.79	10469.32	53255	A2A2D0	50
_h6_726	16601.5	15169.59	2	FF7F50	50
_h6_727	30205.11	27005.33	-1	ddd	10
_h6_739	42427.91	30572.02	7962	FF033E	50
_h6_740	7674.3	27431.82	-1	ddd	10
_h6_741	40928.06	16193.56	-1	ddd	10
_h6_742	42847.23	31636.45	84489	664423	50
_h6_743	24288.03	35287.41	-1	ddd	10
_h6_744	25915.19	16260.85	53783	126180	50
_h6_745	16628.61	15202.91	2	FF7F50	50
_h6_746	22908.47	21971.87	-1	ddd	10
_h6_753	23501.43	15337.3	-1	ddd	10
_h6_752	16931.53	15612.1	2	FF7F50	50
_h6_751	12288.65	19556.48	-1	ddd	10
_h6_750	9789.0	24848.37	122	ACE1AF	50
_h6_754	41620.08	30988.67	7962	FF033E	50
_h6_748	42246.5	31447.82	84489	664423	50
_h6_757	40307.65	20956.92	-1	ddd	10
_h6_756	9404.88	24886.31	122	ACE1AF	50
_h6_758	16050.69	14727.5	2	FF7F50	50
_h6_759	42896.0	29880.68	-1	ddd	10
_h6_762	40534.77	23439.14	-1	ddd	10
_h6_763	30066.84	31813.36	-1	ddd	10
_h6_760	32968.73	19274.67	484	FBCCE7	50
_h6_771	42757.42	31617.02	84489	664423	50
_h6_770	16023.18	14526.5	2	FF7F50	50
_h6_773	25764.88	16627.61	53783	126180	50
_h6_772	17657.55	22638.06	59272	006A4E	50
_h6_767	21341.21	13706.23	-1	ddd	10
_h6_768	5819.96	12746.0	-1	ddd	10
_h6_780	33934.42	20616.93	-1	ddd	10
_h6_781	16014.84	14703.5	2	FF7F50	50
_h6_775	14541.82	10768.74	27340	89CFF0	50
_h6_774	12227.94	19563.62	-1	ddd	10
_h6_777	22326.3	31115.39	-1	ddd	10
_h6_776	9103.81	12155.37	-1	ddd	10
_h6_779	32475.72	25882.66	61	B48395	50
_h6_792	17616.41	28593.75	-1	ddd	10
_h6_791	43013.53	21708.36	-1	ddd	10
_h6_790	39430.47	19788.79	53406	6699CC	50
_h6_788	30581.11	32145.21	-1	ddd	10
_h6_789	21923.64	12050.12	-1	ddd	10
_h6_784	20325.98	26448.4	-1	ddd	10
_h6_785	20740.18	13406.17	-1	ddd	10
_h6_786	21945.36	13018.89	-1	ddd	10
_h6_787	33091.3	19238.97	484	FBCCE7	50
_h6_782	42757.31	30476.52	7962	FF033E	50
_h6_798	30034.86	31788.47	-1	ddd	10
_h6_797	21817.56	13512.39	-1	ddd	10
_h6_796	15972.1	14670.92	2	FF7F50	50
_h6_795	17507.83	22509.43	59272	006A4E	50
_h6_794	9514.57	24872.32	122	ACE1AF	50
_h6_799	15459.22	14242.33	2	FF7F50	50
_h6_801	41425.04	30837.92	7962	FF033E	50
_h6_803	5038.52	29470.06	59450	CC0000	50
_h6_807	42812.99	30496.52	7962	FF033E	50
_h6_806	35187.2	31055.71	-1	ddd	10
_h6_805	6687.1	17317.6	-1	ddd	10
_h6_809	12108.2	18885.74	-1	ddd	10
_h6_808	42409.56	31521.06	84489	664423	50
_h6_810	41053.37	23367.74	54209	8A2BE2	50
_h6_811	40652.86	22659.37	-1	ddd	10
_h6_812	21879.86	13236.47	-1	ddd	10
_h6_813	25733.01	16688.46	53783	126180	50
_h6_815	30277.07	32023.74	-1	ddd	10
_h6_816	40462.76	21456.27	-1	ddd	10
_h6_823	40341.27	21184.6	-1	ddd	10
_h6_818	17415.06	22516.51	59272	006A4E	50
_h6_819	22984.94	31252.54	-1	ddd	10
_h6_829	30971.14	34264.08	-1	ddd	10
_h6_828	9248.58	24894.52	122	ACE1AF	50
_h6_825	32410.38	25599.11	61	B48395	50
_h6_824	39635.24	19938.14	53406	6699CC	50
_h6_827	22899.17	25024.15	-1	ddd	10
_h6_826	7820.72	26244.64	-1	ddd	10
_h6_821	42066.43	31345.6	84489	664423	50
_h6_820	38416.74	11264.39	-1	ddd	10
_h6_822	16404.55	14977.62	2	FF7F50	50
_h6_817	26514.87	12066.82	-1	ddd	10
_h6_832	7131.58	27777.28	-1	ddd	10
_h6_833	18631.55	27874.7	175	FFF8DC	50
_h6_831	42895.52	30526.17	7962	FF033E	50
_h6_836	16147.53	14796.29	2	FF7F50	50
_h6_841	7557.64	27440.48	-1	ddd	10
_h6_842	12388.63	18696.24	-1	ddd	10
_h6_844	20303.01	22275.35	-1	ddd	10
_h6_845	16441.14	15012.82	2	FF7F50	50
_h6_843	41291.72	30744.31	7962	FF033E	50
_h6_849	21795.79	14080.52	-1	ddd	10
_h6_848	22688.12	18752.48	1228	7CB9E8	50
_h6_850	30244.89	31984.74	-1	ddd	10
_h6_851	25621.82	16878.16	53783	126180	50
_h6_852	32881.66	24152.43	-1	ddd	10
_h6_847	13157.51	29062.54	-1	ddd	10
_h6_846	21218.62	13655.02	-1	ddd	10
_h6_858	31215.74	27837.37	-1	ddd	10
_h6_859	40655.58	12108.62	-1	ddd	10
_h6_854	43419.61	30708.99	7962	FF033E	50
_h6_855	21621.74	11722.24	-1	ddd	10
_h6_856	8689.94	24859.01	-1	ddd	10
_h6_857	42450.44	31536.89	84489	664423	50
_h6_853	15517.89	14150.06	2	FF7F50	50
_h6_868	21859.05	13282.1	-1	ddd	10
_h6_865	18633.88	27879.39	175	FFF8DC	50
_h6_864	41586.25	30960.88	7962	FF033E	50
_h6_867	11914.58	19613.29	-1	ddd	10
_h6_869	22766.8	33180.5	-1	ddd	10
_h6_874	31678.15	15396.81	322	4A5D23	50
_h6_875	32432.19	24228.46	-1	ddd	10
_h6_872	22882.93	21798.29	-1	ddd	10
_h6_873	23505.32	15111.22	-1	ddd	10
_h6_870	33409.07	19200.07	484	FBCCE7	50
_h6_876	30326.83	32093.4	-1	ddd	10
_h6_877	43349.83	30684.57	7962	FF033E	50
_h6_878	9711.64	27098.56	-1	ddd	10
_h6_879	41753.59	31107.94	7962	FF033E	50
_h6_883	26045.33	15902.88	69293	C32148	50
_h6_886	27246.63	12256.32	-1	ddd	10
_h6_882	42914.48	31646.97	84489	664423	50
_h6_881	21790.65	14013.29	-1	ddd	10
_h6_880	15930.25	14646.03	2	FF7F50	50
_h6_890	41198.75	23141.46	54209	8A2BE2	50
_h6_891	21548.11	35750.01	47590	A57164	50
_h6_892	43338.06	31712.43	84489	664423	50
_h6_893	16166.7	14801.18	2	FF7F50	50
_h6_889	26148.92	31838.98	-1	ddd	10
_h6_888	7453.95	27439.08	-1	ddd	10
_h6_896	43149.18	30615.19	7962	FF033E	50
_h6_897	22926.99	10909.93	-1	ddd	10
_h6_894	15487.24	14272.41	2	FF7F50	50
_h6_898	41601.17	30981.57	7962	FF033E	50
_h6_899	13328.94	25593.68	28742	FF91AF	50
_h6_895	11757.65	19623.62	-1	ddd	10
_h6_902	30438.19	32250.48	-1	ddd	10
_h6_903	15111.42	13803.06	2	FF7F50	50
_h6_906	33673.19	18596.77	484	FBCCE7	50
_h6_915	14947.84	13623.68	2	FF7F50	50
_h6_914	7376.81	17474.18	66505	CB4154	50
_h6_910	7410.9	17503.81	66505	CB4154	50
_h6_911	34521.91	20395.26	-1	ddd	10
_h6_913	26105.68	15481.63	69293	C32148	50
_h6_912	21839.08	13384.03	-1	ddd	10
_h6_919	30259.15	13241.56	-1	ddd	10
_h6_918	12341.72	13059.37	-1	ddd	10
_h6_917	43558.54	30757.61	7962	FF033E	50
_h6_916	43099.3	31670.99	84489	664423	50
_h6_920	11844.05	19617.85	-1	ddd	10
_h6_921	24972.99	18347.22	301	CCFF00	50
_h6_924	30698.68	33246.21	-1	ddd	10
_h6_925	22595.77	18777.97	1228	7CB9E8	50
_h6_926	42047.47	31329.6	84489	664423	50
_h6_927	20497.85	20121.24	-1	ddd	10
_h6_933	15191.86	14315.49	2	FF7F50	50
_h6_932	5054.67	25461.0	-1	ddd	10
_h6_931	22000.61	12841.31	-1	ddd	10
_h6_940	43640.95	30786.25	7962	FF033E	50
_h6_937	42818.3	31631.32	84489	664423	50
_h6_936	18466.65	27774.4	175	FFF8DC	50
_h6_935	30393.78	32131.34	-1	ddd	10
_h6_934	15515.01	14301.76	2	FF7F50	50
_h6_939	5236.95	20641.65	-1	ddd	10
_h6_938	29610.44	22701.48	-1	ddd	10
_h6_942	8045.8	24820.65	-1	ddd	10
_h6_951	22326.08	29059.89	83513	A52A2A	50
_h6_950	15571.21	14354.05	2	FF7F50	50
_h6_952	30503.33	32364.4	-1	ddd	10
_h6_947	11579.75	19635.46	-1	ddd	10
_h6_948	34100.95	11481.79	-1	ddd	10
_h6_953	20959.63	13346.64	-1	ddd	10
_h6_954	15459.59	14237.79	2	FF7F50	50
_h6_955	42684.93	31601.47	84489	664423	50
_h6_956	43786.74	30819.75	7962	FF033E	50
_h6_958	12820.08	22846.12	-1	ddd	10
_h6_957	22071.1	12512.06	-1	ddd	10
_h6_960	7900.68	24830.82	-1	ddd	10
_h6_961	28604.64	33128.03	-1	ddd	10
_h6_962	42604.15	31580.05	84489	664423	50
_h6_968	11681.78	19628.68	-1	ddd	10
_h6_969	10278.81	31754.95	71466	FF007F	50
_h6_964	8088.18	24822.68	-1	ddd	10
_h6_965	33609.46	19020.13	484	FBCCE7	50
_h6_966	18163.6	27684.56	175	FFF8DC	50
_h6_972	43197.66	31681.19	84489	664423	50
_h6_977	22064.94	12556.65	-1	ddd	10
_h6_976	21891.31	24598.56	71984	08E8DE	50
_h6_975	5113.61	20540.02	-1	ddd	10
_h6_974	26116.36	15626.11	69293	C32148	50
_h6_973	41063.04	22531.17	54209	8A2BE2	50
_h6_971	15340.81	14101.01	2	FF7F50	50
_h6_970	30522.47	32402.27	-1	ddd	10
_h6_980	15586.13	14373.24	2	FF7F50	50
_h6_982	21310.08	24512.22	-1	ddd	10
_h6_983	21200.29	36256.52	-1	ddd	10
_h6_981	43132.72	31671.84	84489	664423	50
_h6_986	22085.2	12232.25	-1	ddd	10
_h6_987	15334.28	14081.93	2	FF7F50	50
_h6_995	22673.98	28767.33	74020	FB607F	50
_h6_994	4426.19	29673.26	-1	ddd	10
_h6_997	42642.66	31590.72	84489	664423	50
_h6_996	43902.98	30850.0	7962	FF033E	50
_h6_991	7654.99	24857.87	-1	ddd	10
_h6_990	13386.56	29297.84	-1	ddd	10
_h6_993	30596.35	32611.68	-1	ddd	10
_h6_992	22979.27	21965.53	-1	ddd	10
_h6_999	25005.44	18258.2	301	CCFF00	50
_h6_998	11520.73	19637.57	-1	ddd	10
_h6_989	43623.12	31824.41	84489	664423	50
_h6_1002	33656.13	18822.12	484	FBCCE7	50
_h6_1001	21066.0	23845.52	-1	ddd	10
_h6_1007	26214.72	15100.84	-1	ddd	10
_h6_1005	6945.49	17095.18	-1	ddd	10
_h6_1004	18238.77	27675.58	175	FFF8DC	50
_h6_1003	20924.31	13134.48	-1	ddd	10
_h6_1010	22083.47	12376.23	-1	ddd	10
_h6_1014	21904.42	13148.29	-1	ddd	10
_h6_1015	14955.93	11121.47	-1	ddd	10
_h6_1016	25327.31	25702.45	-1	ddd	10
_h6_1017	42563.36	31567.94	84489	664423	50
_h6_1011	6864.41	27124.62	71609	1974D2	50
_h6_1012	15208.56	13921.47	2	FF7F50	50
_h6_1020	15284.44	13979.54	2	FF7F50	50
_h6_1019	44032.09	30936.86	7962	FF033E	50
_h6_1025	7701.25	24855.65	-1	ddd	10
_h6_1024	22082.82	12186.73	-1	ddd	10
_h6_1021	30544.1	32814.74	-1	ddd	10
_h6_1023	29752.27	13291.59	-1	ddd	10
_h6_1022	11185.49	19485.05	-1	ddd	10
_h6_1028	48096.49	17166.32	-1	ddd	10
_h6_1027	14797.56	13414.9	2	FF7F50	50
_h6_1026	43855.58	31997.03	84489	664423	50
_h6_1032	33724.48	18821.33	484	FBCCE7	50
_h6_1033	14872.07	13519.97	2	FF7F50	50
_h6_1030	22677.23	28766.8	74020	FB607F	50
_h6_1031	32822.79	25271.8	-1	ddd	10
_h6_1038	44144.93	31053.46	7962	FF033E	50
_h6_1039	26302.03	14868.18	-1	ddd	10
_h6_1036	47256.54	12060.48	-1	ddd	10
_h6_1037	14922.19	10285.77	-1	ddd	10
_h6_1035	43986.09	32108.79	84489	664423	50
_h6_1043	30149.02	28821.78	-1	ddd	10
_h6_1042	16796.98	22393.78	-1	ddd	10
_h6_1041	18122.51	27759.99	175	FFF8DC	50
_h6_1040	11304.74	19545.33	-1	ddd	10
_h6_1047	15214.57	13934.88	2	FF7F50	50
_h6_1046	30586.69	32152.51	-1	ddd	10
_h6_1045	21977.01	12918.81	-1	ddd	10
_h6_1050	45014.35	30769.04	-1	ddd	10
_h6_1049	42783.38	31625.04	84489	664423	50
_h6_1051	14849.42	13487.84	2	FF7F50	50
_h6_1052	11259.41	19520.8	-1	ddd	10
_h6_1053	31853.59	20627.51	484	FBCCE7	50
_h6_1058	14556.04	24711.57	-1	ddd	10
_h6_1059	43457.98	31752.3	84489	664423	50
_h6_1054	7551.12	24871.3	-1	ddd	10
_h6_1055	32866.86	25284.77	-1	ddd	10
_h6_1056	45923.46	27477.81	-1	ddd	10
_h6_1057	14682.37	13241.76	2	FF7F50	50
_h6_1061	6861.69	27413.24	71609	1974D2	50
_h6_1060	22084.7	12262.26	-1	ddd	10
_h6_1062	41243.08	22410.28	54209	8A2BE2	50
_h6_1063	20883.58	12946.16	-1	ddd	10
_h6_1067	7445.51	24888.56	-1	ddd	10
_h6_1066	14779.07	13373.18	2	FF7F50	50
_h6_1072	13484.36	27630.56	80154	964B00	50
_h6_1073	30552.95	32998.29	-1	ddd	10
_h6_1070	15238.54	13961.16	2	FF7F50	50
_h6_1071	33075.19	24870.98	-1	ddd	10
_h6_1069	33743.38	18774.37	484	FBCCE7	50
_h6_1068	43826.88	31972.4	84489	664423	50
_h6_1078	18295.16	28192.36	175	FFF8DC	50
_h6_1075	18210.63	27992.48	175	FFF8DC	50
_h6_1076	22067.06	11943.98	-1	ddd	10
_h6_1077	17850.01	23652.08	-1	ddd	10
_h6_1074	26321.27	14827.99	-1	ddd	10
_h6_1083	39488.45	16278.96	73370	F4BBFF	50
_h6_1082	44122.76	31034.23	7962	FF033E	50
_h6_1081	43103.58	31668.2	84489	664423	50
_h6_1080	11233.68	19486.29	-1	ddd	10
_h6_1079	14985.96	13667.98	2	FF7F50	50
_h6_1085	14828.73	13452.01	2	FF7F50	50
_h6_1090	22082.05	12342.59	-1	ddd	10
_h6_1091	21258.71	36172.17	-1	ddd	10
_h6_1092	14862.52	13512.14	2	FF7F50	50
_h6_1089	14890.24	13540.03	2	FF7F50	50
_h6_1088	22024.84	12767.34	-1	ddd	10
_h6_1094	14559.42	13101.27	-1	ddd	10
_h6_1095	43800.06	31949.39	84489	664423	50
_h6_1093	30671.71	33160.31	-1	ddd	10
_h6_1098	6630.66	27327.6	71609	1974D2	50
_h6_1099	11236.62	19477.42	-1	ddd	10
_h6_1096	44300.51	31141.09	7962	FF033E	50
_h6_1102	22090.34	12294.74	-1	ddd	10
_h6_1103	43187.13	31686.29	84489	664423	50
_h6_1100	26107.69	15545.51	69293	C32148	50
_h6_1108	18241.09	28051.21	175	FFF8DC	50
_h6_1106	7092.95	24931.78	-1	ddd	10
_h6_1107	20867.1	12893.2	-1	ddd	10
_h6_1104	14902.88	13567.25	2	FF7F50	50
_h6_1109	44424.14	32379.43	84489	664423	50
_h6_1111	14917.1	13574.85	2	FF7F50	50
_h6_1113	44437.1	32393.47	84489	664423	50
_h6_1112	42544.56	26384.94	86088	E7FEFF	50
_h6_1117	33111.34	25376.01	-1	ddd	10
_h6_1116	22076.7	12491.46	-1	ddd	10
_h6_1119	29614.62	18228.66	-1	ddd	10
_h6_1118	15066.36	13757.71	2	FF7F50	50
_h6_1120	5497.7	12117.8	-1	ddd	10
_h6_1121	43559.44	31787.1	84489	664423	50
_h6_1128	21438.66	27036.7	85560	1B4D3E	50
_h6_1123	14630.65	13169.2	2	FF7F50	50
_h6_1124	33833.68	18604.86	484	FBCCE7	50
_h6_1125	7070.38	17048.18	-1	ddd	10
_h6_1126	33885.33	16828.91	-1	ddd	10
_h6_1133	22024.4	11687.71	-1	ddd	10
_h6_1132	43569.47	31795.99	84489	664423	50
_h6_1131	42584.47	26356.99	86088	E7FEFF	50
_h6_1130	14887.27	13541.53	2	FF7F50	50
_h6_1134	7029.33	24940.18	-1	ddd	10
_h6_1139	30684.46	33215.35	-1	ddd	10
_h6_1138	6479.68	27313.71	71609	1974D2	50
_h6_1137	14681.65	13235.54	2	FF7F50	50
_h6_1142	44211.6	32269.82	84489	664423	50
_h6_1140	30693.45	34596.63	-1	ddd	10
_h6_1141	18234.83	28081.72	175	FFF8DC	50
_h6_1143	14629.98	13173.42	2	FF7F50	50
_h6_1146	34973.53	19350.96	-1	ddd	10
_h6_1148	43848.13	31981.94	84489	664423	50
_h6_1149	44136.84	31051.39	7962	FF033E	50
_h6_1155	33922.69	18523.21	484	FBCCE7	50
_h6_1154	47795.93	20066.35	-1	ddd	10
_h6_1156	6985.49	24945.97	-1	ddd	10
_h6_1151	41098.31	22247.16	54209	8A2BE2	50
_h6_1150	20840.4	12771.22	-1	ddd	10
_h6_1153	14489.92	13038.89	-1	ddd	10
_h6_1160	43583.15	31806.78	84489	664423	50
_h6_1161	22084.08	12147.55	-1	ddd	10
_h6_1162	6766.27	27308.93	71609	1974D2	50
_h6_1163	30708.31	33304.04	-1	ddd	10
_h6_1164	14611.95	13153.08	2	FF7F50	50
_h6_1166	15038.02	13716.19	2	FF7F50	50
